id,username,text,created_at
17980637888770181,dewiuwitwiw,Setiap hari nontonin sinema indosiar pasti,2024-10-29 03:34:32
17988277139592620,pakjanur,Berarti kalo nongkrong di wc ga bawa hp? Apa enaknya,2024-10-29 08:26:06
18006676418491073,ibaymochamad,"Itukan pilihan yah, knp kita ributin hehe",2024-10-29 05:30:46
18009968459462036,rizkyrsl,"Kebetulan buk, sutradara james bond sekarang lagi butuh pemeran james bond baru. Alesan daniel craigg uda pensiun, Minat kah?",2024-10-29 05:23:20
18008667005651995,fikram_zain,Di umur segitu emang lagi senengÂ² nya becanda. ğŸ¤­ğŸ¤£,2024-10-29 06:41:41
18047575337056830,priche_dewantie_haroen,sehat sll ibu Megawati,2024-10-29 06:50:01
17926614848863606,sharkieshz_,LAH TERUS YANG BUAT VIDCALL PA JOKOWI TAUN LALU TU PAKENYA APAAN? TELEPATI GITU?ğŸ˜­,2024-10-29 12:40:58
18013071008654627,amsyari17,Astaga NPD banget,2024-10-29 03:31:10
18076340083568122,abdu.lahh,Udh masuk ktegori NPD ga sih ini  nenek chiyoğŸ—¿,2024-10-29 03:37:21
18257770834250519,saripati.kopi,"Lah, padahal nungguin selfienya, cantik, berkharisma. Menyala ibu megağŸ˜‚ğŸ‘",2024-10-29 03:32:05
18071825200535931,hendra_via16,"Biar keliatan penting terkadang manusia membicarakan kepentingan nya sendiri, padahal gak terlalu penting bagi masyarakat",2024-10-29 05:15:13
18076910038513170,vera.ang,Umur segini emang lagi lucu-lucunyağŸ¤ğŸ»,2024-10-29 03:36:34
18153211459330437,bryanvirnando,Terus gimana kalo mau maen ML bu?,2024-10-29 05:29:06
18066821989650054,target_menang,Bedanya dgn gaptek?,2024-10-29 03:33:11
17867446038237062,baguzpriyo,tipikal suka ikut campur rumah tangga anak kayaknya,2024-10-29 04:18:29
18037897145221298,teronq,Nenek komunikasinya pake kaleng yg dikasih benang ya ğŸ¤£,2024-10-29 04:35:07
18046907125848741,rickyricky21,Iyaaa iyaa iyaaaa...,2024-10-29 03:32:16
18119353000397796,iwan_ryoichi,Nenek sy Yg usianya hampir sama dengan ibu Mega juga gak pegang hape...tp bukannya takut disadap tp emang gaptek apalagi tangannya sedikit tremor jd susah pakai touch screenğŸ˜‚,2024-10-29 05:20:24
17886931842105148,salsalukiana,@prettymuchmoon nenekmu knp dh,2024-10-29 07:58:41
18075424864579024,imboim_,Pick me,2024-10-29 03:50:51
17934409838944669,dewa.inc,"Kaya saya ga pake hape, komunikasi sama orang tua pake baskom isi air.",2024-10-29 03:38:22
18065157223734419,samsuisthe,"parah bukan negarawan sejati,,,pura2 fluu,,,",2024-10-29 03:34:15
17992285070561198,afifub,Hah?,2024-10-29 03:34:36
17869965057218463,maskennzo,"rezim nenek memang menyeramkan, tapi akibat lu buka peluang di gorongÂ², maka terciptalah pemimpin yg lebih menyeramkan darimu nek, sekejap aja tuh yono bisa buat anaknya jd wapres. Skrg lu nyesel kan nek?",2024-10-29 03:37:05
18072965425608203,patangpuluhpatang96,Aa drawing sedang memantau,2024-10-29 03:34:12
18044395421488553,andgntraa_,bukan ga punya tp GAPTEK ga bisa cara make nya ğŸ˜¢,2024-10-29 04:55:32
18247906801278885,dimas.cakraningrat,Lah lapo,2024-10-29 07:05:03
17911886801934587,gilang_angggaaa,"Kasian presiden give away yang satu ini, tiap hari harus mendengar hasutan hasutan para petinggi partai ğŸ˜‚ udah sepuh harusnya nikmatin, contoh pak Sby. 
Berpolitik boleh tapi mbok ya sewajarnya saja, bikin suasana politik yg adem sejuk bukanya tiap statement kesanya bikin gaduh dengan pernyataan yang gak jelas di tujukan ke siapa.",2024-10-29 03:45:58
18101881525454167,yudhaginting_,"umur segini emang lagi seru serunya ya nek, uda nengok live shopee nek?",2024-10-29 04:56:30
18008316689655724,billy_setiawan14,"Buu,,, istighfar Bu ... Istighfar.... Nyebutt buuu.... Nyebutttt",2024-10-29 04:36:35
18019402202319447,akhsanhakim,,2024-10-29 03:38:50
18021973055272437,botelletob,Emg gitu kalo udh umur2 segini,2024-10-29 03:42:08
17911692585011737,erwinwijaya.mus,Diatas presiden masih ada bu megaa ğŸ”¥,2024-10-29 03:31:11
18075387496605549,wanita_.saya,Ibu tdk sepenting itu,2024-10-29 06:00:21
18051080230769093,yudi.pare,"Ah kyk saya nih, kontak anak di sekolah pake gelombang UHF/ VHF. Ga pake HP",2024-10-29 03:32:24
18007364708488157,factual.id,"No smartphone needed, Queen of Redbull use telepati and astral projection to comunicate ğŸ‘",2024-10-29 03:33:52
18050103073807207,folkmedsos,"ibu emang paling keren sih, ga pake hp loh beliau, ayok semuanya tepuk tangan yang meriah",2024-10-29 03:48:55
17885895462134198,riahiriani,Gara gara lu buka gorong gorong jadi hancur demokrasi indonesia,2024-10-29 03:34:54
18206558341289306,mohammadridho_05,"Iyaa nek keren, keren bingittttzzzzzz ğŸ˜­",2024-10-29 23:04:14
18055361914879733,asyfirayhani,Maksudnya apa ya,2024-10-29 05:27:59
18072179521614937,vandivaaa,Sampean iku pohon karet ta bu? Lha kok disadap?,2024-10-29 12:10:18
18093268216485813,strenitter,Pakai surat pak pos,2024-10-29 04:44:03
18055841896889778,zatazhaf,Ternyata orang berkarisma ga perlu hp ğŸ˜­ğŸ™,2024-10-29 04:04:35
18061528450781455,dennis_fiyanti,Gak bisa maen candy crushğŸ˜¢,2024-10-29 06:31:50
17848490904331434,bravehe4rtoo,,2024-10-29 03:32:25
18070673959622711,aadayhopper,Anjay keren banget Kaka ğŸ˜‚ğŸ˜ğŸ˜ @ibnuspptra @aziz_r02 @kferdiansah08,2024-10-29 12:52:20
17952579245743222,new69cafe,Keren PRET......,2024-10-29 12:04:08
18074514112523834,ronaldardiles,Berart ibu tidak akan pernh berkembang dg berkembangnya zaman. Btw admin gerindra grrcep lo bu ..,2024-10-29 03:40:14
17895427278089297,wahyuantowibowo28,Iya benar .. ibu mega dari dulu tidak pernah pakai HP .. ğŸ‘,2024-10-29 09:34:53
18124261558379957,kopilawak.official,Pake telepati kayaknya,2024-10-29 03:36:16
18095480650480885,ini_budi31,Iyain saja ğŸ˜‚,2024-10-29 03:44:06
18075335212572119,ameliasepta,Ah masakğŸ˜‚,2024-10-29 04:36:21
18041801434926623,tejhagans,Yaa mungkin ngda lagi yg menghubungi kan udah ngk ada kepentingan lagiğŸ˜‚,2024-10-29 08:56:23
17887830450106728,aries.munandar.3785,kalo lagi pidato selalu gak ada mutu dan kualitasnya isinya .. emang masih bisa baca wa apa ? ğŸ˜ğŸ˜ƒâœŒï¸,2024-10-29 06:55:37
18254200348269713,intanrima,Dih @ahmadnurmiranto,2024-10-29 08:24:38
18053766199913201,wildanrenaldi,Pantes sering flu flu ğŸ¤§ toh ğŸ˜‚ğŸ˜‚,2024-10-29 08:15:54
17919635216994272,halomuti,"Konseling ke psikolog buu, ciri2 npd itu kayanya",2024-10-29 07:09:24
17943952496781715,nandaaaaaaaaaa_03,HAHAHAHAHAH....,2024-10-29 07:08:11
18025969088452152,chiang_76,Yang tanya siapa nek?,2024-10-29 03:34:14
17981129126758755,mahesa_althaf,Mungkin yg pegang baby sitternya...takut kegandrungan game online ğŸ˜‚,2024-10-29 04:53:33
17996466908529443,dediekasahputra,"Penting gak sih, nenek kadaluarsa begini d liput.....gak da ngaruh apa2 bagi kita.....",2024-10-29 06:49:46
18045712850500442,m.hafiznizar313,,2024-10-29 06:55:18
18064191358670859,randiadhianta,@bayuputra_p,2024-10-29 04:54:47
18014414423373267,daisyawondatu,"Bu, saya kasih tau ya, sekarang lagi viral lagu APT.",2024-10-29 04:21:45
18020646812545512,tomy8315,Hehehehe Iya Bu atur2 ğŸ˜‚,2024-10-29 03:32:53
17863470447253840,daevoost,Funfact: Indonesia adalah negara dengan tingkat skizofrenia paling tinggi di dunia.,2024-10-29 05:58:00
18151083124331760,akufitt,Enggak,2024-10-29 03:32:06
18151460740333359,verooogabriel,Komunikasi pake kaleng kental manis dikasih tali ğŸ™Œ,2024-10-29 05:34:45
17903348856051936,riska_n.p17,ğŸ˜‚ğŸ˜‚ğŸ˜‚ğŸ˜‚ğŸ˜‚,2024-10-29 03:33:07
18037059131021184,suryaadityaa,Kaya denger Arie ngomong @adi_wepe @fathurakmal @aryarma,2024-10-29 04:33:05
18144703018344120,bodo.amattlahh,,2024-10-29 05:22:36
18057957409828852,rosspraa,ğŸ˜‚,2024-10-29 03:56:04
17984663567758160,anda_ope,DihğŸ˜..,2024-10-29 03:31:55
18107715280440542,binaratmaja,"kenapa gak punya hape? karena gak ada yang ngajakin koalisi buk, ğŸ˜‚",2024-10-29 04:48:05
17856738063282593,faiz_widyarso,Tidak peduliğŸ”¥,2024-10-29 03:33:49
18342406885133354,susanto3467,Iya iya iya terserah kamu buğŸ˜‚ğŸ˜‚ğŸ˜‚,2024-10-29 03:32:20
18020318021305684,bimo_oss,,2024-10-29 04:08:09
17940045578920470,mlnrstt,Ini pelakunya @ikaapl,2024-10-29 04:35:53
18037569410467783,fee.riswandy,Duh lucunya nenek itu ğŸ˜‚,2024-10-29 03:32:21
18069164017628166,wimzpratama,"Nanya sendiri , jawab sendiri ğŸ˜",2024-10-29 03:33:45
17924944766969259,hincqwer,Situ sebenernya gaptek apa gimana si??,2024-10-29 04:12:11
18029559017136137,pancaarr,Pakai telegram aja bu,2024-10-29 03:31:42
18096687760463602,bebedjebred,Pede amat,2024-10-29 03:32:19
17847416781311032,nyaii_ge,Allohu,2024-10-29 03:32:45
17984747303739448,afdil_dw,Iya toh hooh toh tenan toh,2024-10-29 03:33:20
18119140375404253,callmejendral,Si nenek kenapa sih,2024-10-29 03:32:25
18031360844341749,bryanrachma13,NPD tuwir bangka memang pantasnya gak dikasih panggung. Semoga tenang di alam sana.,2024-10-29 03:32:34
18051678184754468,syifa_labibatul_alya,Iya Bu tak punya hp tapi punya ajudan yg pegang hpnya,2024-10-29 03:35:55
18144088732352745,albhii.kopling,,2024-10-29 03:33:27
18378333637100179,suspranggono,Kok iso i lhooo?,2024-10-29 03:33:16
17983547681716711,auliarizqim,dih,2024-10-29 03:33:07
18019954889539690,bayu_gejage,Iyo keren,2024-10-29 03:31:58
18095592559470992,zefarifki,Pantesan BAPERAN...,2024-10-29 05:29:55
18034857062212904,afiffnr,rak butuh kerenmu mbah sumpahğŸ˜­ğŸ˜­,2024-10-29 05:30:04
17943808199883380,prihastohasto,Org yg kelewat PD itu bisa jd memasuki fase pikun,2024-10-29 05:30:11
18038579972184252,santikasakti,"Wajar beliau tau, wong sebelumnya yg jabat kepala BIN pak BG",2024-10-29 05:30:30
18029040866140685,rw15_wedi,Bu Mega order goput pakai naga anglingdarma ğŸ—¿ğŸ‰,2024-10-29 05:30:32
18064457473679516,antosetiawanz,,2024-10-29 05:30:32
18029290661139838,andimuslimahnf,ğŸ˜¢,2024-10-29 05:30:36
18087474610459108,mrachman77,ğŸ˜‚ğŸ˜‚ğŸ˜‚,2024-10-29 05:31:25
17871501252208741,setypran,Pasti tiap pagi nonton upin-ipin,2024-10-29 05:32:14
18024665186228223,rebeljack305,Valak,2024-10-29 05:32:35
17966866601676559,rumy4768,ğŸ¤£ğŸ¤£,2024-10-29 05:34:31
18020898647305742,torrence_palar,ğŸ˜‚ğŸ˜‚ğŸ˜‚ğŸ˜‚,2024-10-29 05:34:45
17886531900056753,basec.bdg,Pakenya wartel ğŸ‘,2024-10-29 05:34:55
18040153046172565,revin_fasril03,009 ini bosku @alfian.erik,2024-10-29 05:35:31
18048699694819924,ro_ctvn,Padahal main pesbuk di hp tuh seru lhoh bu. Kayak ibu2 lainnya kan gitu,2024-10-29 05:36:13
18071241283556674,ade_moh_nursyarif,Preeeettttttt,2024-10-29 05:37:32
18286769191209684,gunturkurniawan19,Nenek chiyo kena NPD,2024-10-29 05:39:11
18062004073749062,mak.silir,"Semoga panjang umur ya bu, biar bisa menghibur rakyat konoha ğŸ¤²",2024-10-29 05:39:56
18048779128983110,duaratuslimadua,Sama kaya nenek gw gk bisa hp,2024-10-29 05:40:09
18028407122523752,walidnaruto007,"Skrg dia udah makin pinter ngibul,udah pinter playing viktim n sandiwaranya dah ngalahin artis sinetron..ğŸ‘ğŸ˜‚",2024-10-29 05:40:11
17912467625928949,yanimariayani,BOSAN,2024-10-29 05:40:52
17859214071222446,doni_hidayat_13,"Iya nek.. gak usah main hape, ntar klo kecanduan joget tiktok malah repot.. lebih baik fokus beribadah saja..",2024-10-29 05:41:24
18027830846155269,impra74,Ga bisa disadap tp bisa di prank jokowi ğŸ˜‚ğŸ˜‚ğŸ˜‚,2024-10-29 05:42:08
17991349031565473,iqbalohorella,Makin kesini makin ke sana.,2024-10-29 05:43:12
17894806293016623,rpangesti_,Apasih nekkk,2024-10-29 05:43:25
18379140478099055,she_mbuds,Ia ibu memang sangat keren,2024-10-29 05:44:04
17949867869755521,blacksquarestone,Memang orang khan siklus nya kembali ke batita..ğŸ˜‚ğŸ˜‚,2024-10-29 05:44:29
18423400018072260,n.winn_08,"Dulu zaman kamu muda aku mengidola kan mu bu,tapi skrg aku sudah punya idola baru ğŸ˜‚ğŸ˜‚ğŸ˜‚ğŸ˜‚ğŸ˜‚ğŸ˜‚",2024-10-29 05:46:06
18044596790090493,yesterday2040,Prettt..berass dia ini penting banget bagi indonesia,2024-10-29 05:46:56
18045378317078922,netizen_onlineee,NARASI BASI MEMBUAT SEOLAH2 KORBAN ğŸ˜‚,2024-10-29 05:47:18
18026177435185817,elenaputri,ğŸ˜­ğŸ˜­ğŸ˜­,2024-10-29 05:47:34
18065856013588828,ratna_dian_novita,ğŸ˜‚ğŸ˜‚ğŸ˜‚ğŸ˜‚ğŸ˜‚ğŸ˜‚ğŸ˜‚ğŸ˜‚ğŸ˜‚ğŸ˜‚,2024-10-29 05:48:05
18125439667384917,nurjaneh,Sipaling seneng validasi ğŸ˜‚,2024-10-29 05:48:09
18010823015440740,anggrainiraniayu,ğŸ¤£ğŸ¤£ğŸ¤£ğŸ¤£ğŸ¤£ğŸ¤£ğŸ¤£ğŸ¤£ğŸ¤£ğŸ¤£ğŸ¤£ğŸ¤£ğŸ¤£,2024-10-29 05:48:18
17979049589775325,sutanto3171,Pantesan Indosat dijual,2024-10-29 05:48:43
18048787597985727,adecahyadi87,"Wajar siih, dijauhi mulyono soalnyağŸ˜‚",2024-10-29 05:49:28
18051738121760447,mr.muhammad_ikbal,ğŸ˜‚ğŸ˜‚ğŸ˜‚,2024-10-29 05:49:58
18464774308061880,taufiqalidrus,Iya iya,2024-10-29 05:50:14
18042200548935157,ismidanishira,Kaga danta Luh...,2024-10-29 05:51:59
18004507712672534,ahmaddwi94_,Haus validasi ğŸ¤£ apa untung juga nyadap nenek gaptek ğŸ˜‚ğŸ˜‚ hackers juga mikir nyadap yg untung aja contohnya kayak kasus kebocoran data kominfo kemarinğŸ˜‚ğŸ˜‚,2024-10-29 05:52:41
18282997510214405,sinarersandi,ğŸ˜®,2024-10-29 05:53:54
17994655934539037,nungky_bajusolo46,Punya hp paling juga cm bisa watsappan...,2024-10-29 05:54:05
18033604106343990,ryft_26,Beliau sedang dimasa lucuÂ²nya,2024-10-29 05:54:13
18045196607014328,reyjierz,Mega ini jrg bicara . Skali bcra slalu lucu kyak standup comedy . Lanjutkan buk lumayan utk hiburan ğŸ˜‚ğŸ˜‚ğŸ˜‚,2024-10-29 05:54:28
18039511264977461,senrex.21,Redflag banget nih kek warna partainya,2024-10-29 05:54:49
17873680779127336,mutiara.rma,dih,2024-10-29 05:55:26
18081553276539809,ando.para,Yg jemput lama bnget,2024-10-29 05:57:37
18020768210294919,orangbiasa4238,Si paling kena sadapğŸ˜‚,2024-10-29 05:57:46
17935940198926892,faishalhadi,ğŸ˜‚PDIP ngelawak,2024-10-29 05:57:55
18005312018666632,roy_r00ney8,ğŸ˜‚ğŸ˜‚ğŸ˜‚ğŸ˜‚,2024-10-29 05:58:54
18326674024159623,axlkalamari,pantesan saya DM minjem 100k gadirespon,2024-10-29 05:59:08
18119323855364964,peresotak,duh emak,2024-10-29 05:59:22
18095891683480310,muhamad_harish07,Cuma tulisan ini yg mengandung suara,2024-10-29 05:59:35
18371696596110415,regie_marthadinath,Mulai.. Mulai dah jadi orang yang paling tersakiti.,2024-10-29 05:59:58
18163949407316073,_h3ndrik_,ğŸ”¥ğŸ”¥ğŸ”¥,2024-10-29 06:02:12
18338117335182395,iwansurabaya8,Gak sekalian pakai pager,2024-10-29 06:02:30
18044391029025261,sarirastianingsih,"Hiiih, nggilani",2024-10-29 06:02:32
18044746820044459,mhafizh_amasud,siapa yg baca statement bu mega pake nadağŸ˜…,2024-10-29 06:02:32
18060306058806622,alwiestore1,ğŸ”¥ğŸ”¥ğŸ”¥,2024-10-29 06:02:51
18044424569108430,panca_sky,UMUR BU MEGA LAGI GEMES GEMESANYAAAAğŸ˜ğŸ”¥,2024-10-29 06:03:22
18050867014786559,linggayomni,ğŸ˜‚,2024-10-29 06:04:16
18095738233431331,aghniafs,Duh gemeshğŸ¤ğŸ»ğŸ¤ğŸ»,2024-10-29 06:05:52
18019813244561365,sheilanazira_,Pede bgt sih bu ğŸ¤£,2024-10-29 06:05:53
18061071274747258,yudhijacob,Keren abis sih ğŸ”¥,2024-10-29 06:07:19
18047293835075168,dianto_rusdian,Setelah BG ga jadi kepala BIN takut pake hape? Berarti selama 10 tahun belakang ini ga disadap?,2024-10-29 06:07:35
18425823331074416,basithathaya,ğŸ‘,2024-10-29 06:08:57
17872510917205705,sherinazahra90,Tapi wajar sih... mbah gw taun kelahirannya sama kayak doi. Gw ngajarin buka youtube sama WA aja 2minggu baru lulus. Itu pake kelas intensif lho. Kl kelas reguler 3bln jg blm tentu bisa2ğŸ˜‚,2024-10-29 06:09:31
18335117623182903,novi__n,,2024-10-29 06:09:49
18315747727088237,ahmad_badawi.aa,usianya berapa si,2024-10-29 06:10:50
18043324322129025,bungayolanda,Njiiih buu njiiih lereeess ğŸ˜‚,2024-10-29 06:11:47
18139784434360617,diahsaffitri,Keren Bu. Keren sekali anda. Top global ğŸ‘ğŸ»,2024-10-29 06:12:31
18037774454007211,ahmad.asrullhs,Mantapp bu ğŸ˜‚,2024-10-29 06:12:45
18055992556860504,akudisinianata,"sama gue sendiri juga bosan punya hape cuma buat wa grup sekolahan, kalau ada hape yg bentukkannya kaya nokia zaman dlu tapi ada aplikasi WA nya mah gue mau dah beli 1",2024-10-29 06:13:48
18079303963492903,purbasan19,Umur sekarang emang lagi butuh di ksh mimi susu sma bedak anti nyamuk biar bobo yah ğŸ˜‚,2024-10-29 06:14:39
18042062086900904,poergram,mgkn gaptek,2024-10-29 06:14:43
18024314795231208,mysagara23,Hahahah gr bettt,2024-10-29 06:14:45
18059895487658639,nita_74_74,Tinggal tunggu ajalnya kapan,2024-10-29 06:15:06
18357425653136598,minivisability,Tolong ajak beliau ke OVJ,2024-10-29 06:16:07
18044871653480960,jarangpulang.art,ğŸ˜‚ğŸ˜‚,2024-10-29 06:16:16
18013233965647688,ibn.hfd.hkm,NenekÂ² paling OVT,2024-10-29 06:18:09
18288094339238196,yusuf_nashiruddin,Paling tersakiti seperti gen zğŸ˜‚,2024-10-29 06:18:13
17896424301089534,uranian.s,GR amat mak .. ğŸ˜‚ğŸ˜‚,2024-10-29 06:19:05
18043636154040359,atik8976,Ach gak percaya,2024-10-29 06:20:36
17912948751009393,adhistiraaaaa,Padahal banyakin dzikir nek~,2024-10-29 06:21:10
18019385882543330,djaleto_noegroho,,2024-10-29 06:25:32
18066461752594930,jeri38956,Ibu paling yang inovatif,2024-10-29 06:25:35
18284478325209872,naymakeupart06,Si paling keren pokonya ğŸ¤£ğŸ¤£ğŸ¤£,2024-10-29 06:25:43
17871078303211866,alipnaufal_,Keren? ğŸ˜,2024-10-29 06:26:31
18372107266109137,matt.savic,ğŸ˜‚ğŸ˜‚,2024-10-29 06:27:01
17944209548778212,rizram21,Kocak nenekğŸ˜¢,2024-10-29 06:27:18
18003424046671296,harris_kimunk,"Kalau Hubungi Saya, Getdruk bumi 3 kali",2024-10-29 06:27:54
17926199063968664,buddylion73,Udah nenek-nenek masih saja provokasi.,2024-10-29 06:28:18
18050313844791516,ariantoburhanmakka,ğŸ˜‚,2024-10-29 06:29:25
17933600741934197,ali_darajah,Eh perasaan kagak ad bahas ni orang dari kemarin . ğŸ¤£ğŸ¤£ğŸ¤£ğŸ¤£,2024-10-29 06:29:33
18464218219022989,fendygarciaa,nek tidak ada UUD yg menyebutkan ketua partai bisa mengaturÂ² presiden.. mana mau aku pilih pemimpin dr partaimu nek jika disetir juga olehmu ğŸ˜µğŸ™ğŸ¼,2024-10-29 06:29:36
18102140491449815,hanung_suryokuncoro,,2024-10-29 06:29:50
17873664447127618,enha17,Gaa ada Loee  Gaa Rame.... #bukanbasabasi,2024-10-29 06:30:31
18260288893267644,sisie.wan,ğŸ¤£ğŸ¤£ğŸ¤£ğŸ¤£ keren deh Ibu.,2024-10-29 06:30:40
18031406543458698,hanananaluna,BuğŸ˜­,2024-10-29 06:30:45
18048218446981100,try.insyana,Sopo seng arep nyadap mbah uty,2024-10-29 06:31:40
17943944030869894,suprwew,Itu aja udah gak benar. Darimana Ibu tau kalau Ibu orang paling disadap?,2024-10-29 06:31:43
18303016423204374,kukuh.19,Lebih keren lagi kalo diem,2024-10-29 06:31:46
17893687806017445,ginnlife,Bentar lagi.,2024-10-29 06:31:53
18021357179287837,annabrandita,Lah,2024-10-29 06:31:55
18282148345172866,dodilk,Lucu .Mbah ini. ğŸ˜‚,2024-10-29 06:33:23
18055345486730376,kasoghi,Kirain yg paling sering di sadap itu pohon karet ğŸ¤£,2024-10-29 06:34:20
18372918709104458,exploresimo,Muncul lagi knp ini?,2024-10-29 06:34:26
17996588639529430,panjiavlx,Yaudah nek iya nek,2024-10-29 06:34:37
18124840726384924,adietttttt,lucu beut oma,2024-10-29 06:34:41
18025091300582390,oktaardiansyahputra,Masuk akal,2024-10-29 06:35:15
17987214428738693,agusadityasptr,Lah kan HPnya ajudan nya yg bawağŸ˜¢ğŸ¤£,2024-10-29 06:35:39
18013032224385111,pli.ly,Udh paling keren ko buğŸ™ğŸ»,2024-10-29 06:36:29
17929761959956696,fayakundiaps,Ibuku penjaga Marwah Pancasila dan konstitusi ğŸ”¥ğŸ’šğŸ’šğŸ’šğŸ”¥,2024-10-29 06:38:41
18161982196320051,masblack744,Makhluk astral tidak butuh HP.,2024-10-29 06:38:42
18114007624410840,dapursugehwaras,Back to baby ğŸ˜ğŸ˜ğŸ˜,2024-10-29 06:39:11
17955673064730978,urwahalbariqiy,Aduh Nenek lucu bin gemesin bgt. Pake bedak cemong dong!,2024-10-29 06:41:01
18012907328643325,louishaa_biru,Istigfar bu....,2024-10-29 06:41:15
18446725252066167,mumujaidi,nenek butuh validasi,2024-10-29 06:42:02
18106160059438307,akhsoni80,Pakai Nokia 3310 aja lah,2024-10-29 06:42:27
18089403601450673,earth.2nd,Keren itu punya hp yg gak bisa di sadap nek,2024-10-29 06:44:49
18026400719524155,risnandaayunalurita,"Luar biasaaa kharisma Npd nya,, ga ada yg pingin tes berapa persen kadar narsistik kah ?",2024-10-29 06:44:56
18045909092491426,uchikoshka,Saya faham bu.. dah yaaa...,2024-10-29 06:45:47
17911623198012050,ghaniamri,Kerenmu dewe,2024-10-29 06:45:55
18026159522453051,cindyezraa,Takut NPD ğŸ˜¢,2024-10-29 06:47:00
18120291277393960,redykadika,NPD akutt,2024-10-29 06:47:38
17874241836123298,neneng_su78,Ih ibu keren dahhh.ğŸ˜,2024-10-29 06:47:57
18017836727334711,bapake23,you wishğŸ˜‚,2024-10-29 06:51:28
18334443316145494,dannyarw,siap,2024-10-29 06:52:17
18044978156082514,mery.mariam,ğŸ¤£ğŸ˜‚ğŸ˜‚ğŸ˜‚ğŸ˜‚ğŸ˜‚ğŸ˜‚ğŸ˜‚ğŸ˜‚ğŸ˜‚,2024-10-29 06:52:18
18067383853647964,abbott85s,Legend ğŸ™Œ ğŸ™Œ ğŸ™Œ,2024-10-29 06:53:52
18053323429918333,adi_samakun,Hmmmm,2024-10-29 06:56:12
17948046041764683,berliananggigumelarpane,"Iyain aja, lgi lucu lucunya emng",2024-10-29 06:57:23
18066792961629889,saktiwisnubayu,"ğŸ˜‚ğŸ˜‚emak, yuk pulang ke rumah. Ditungguin cucu. Jng mikir yg berat2 deh",2024-10-29 06:58:00
18143728792353856,widad0610,"Iya nek,nenek mah harus banyak2 pegang QURAN, trus pengajian....jangan hp ya nek...ğŸ˜‚ğŸ˜‚",2024-10-29 06:58:05
17853435105264281,didit84.yadi,Berarti dia tahu selama ini yg lain di sadap juga hp nya ğŸ˜‚,2024-10-29 06:58:15
18016615049628429,udara_segar_ya,Percuma juga komen toh beliau gak ada HP,2024-10-29 06:59:41
18042137120483450,aripgie,ğŸ˜ğŸ˜ğŸ˜,2024-10-29 07:01:09
18001443461689139,ardancesc,Trus gw harus bilang WOW Gitu.... ğŸ˜‚ğŸ˜‚ğŸ˜‚ğŸ˜‚,2024-10-29 07:03:33
17875526280190681,indrakristiawann,Atah iyaaa buk,2024-10-29 07:04:32
18023339261570176,indrakristiawann,.,2024-10-29 07:04:32
18045395189031278,umino175,banyak klik link sembaranga sih ğŸ˜¢,2024-10-29 07:06:24
18036230303202428,zzeenniitthh_,"Yg komen kebanyakan sok tau, lu search aja pegasus, predator, finfisher, nso, itu alatÂ² sadap pada masuk indo sebelum pilpres, apalagi yg pegasus alat sadap zero click algoritma sosmed aja bisa dimainin tuh sama alatnya,  perhatiin aja pas pilpres kemaren tibaÂ² di explorer muncul kontenÂ² salah satu paslon , padahal gak pernah mengaksesnya,  sama kayak yg terjadi di tiktok algoritma lari kesalah satu paslon",2024-10-29 07:06:26
18020734274288842,herwansyahmsi,Sudah uzur...semestinya...sudah enggak usah mikir mikirin..politik....,2024-10-29 07:07:59
17995955939532334,fahmiomarlubis,"Sekedar saran Bu Mega, pake hp merk Vertu. Lebih aman ..",2024-10-29 07:08:15
18025629923196420,abdul.wahid93,Bpip masih ada enggak sih?,2024-10-29 07:09:56
18048559165978751,fathur_pmk,ğŸ˜®ğŸ˜‚ğŸ˜‚ğŸ˜‚,2024-10-29 07:10:00
17879903655168469,rudi.tabutiii,Goblk,2024-10-29 07:11:27
17881808697160516,woroyunipramudyanti2022,ğŸ˜‚ğŸ˜‚ğŸ˜‚ğŸ˜‚,2024-10-29 07:12:29
18085616608524644,dek_tom_spike,ğŸ¤£ğŸ¤£ğŸ¤£ğŸ¤£,2024-10-29 07:13:22
18066857335630906,imand_interizta,James bond bukannya udah mati yaa bu ? ğŸ˜‚,2024-10-29 07:14:28
18024486113406933,1nt3ll1g3nt01,Sehat selalu dan panjang umur bu..,2024-10-29 07:16:12
18104256736446238,suryocahyohandoko,Iiiiddiiiiihhh... ğŸ˜‚,2024-10-29 07:16:22
18040247953949573,trinurhazrati,keren bgt dah buk ğŸ‘,2024-10-29 07:17:07
18010607954460635,ind.ra8177,"Makanya jngan kebanyakan main boneka santet , salah satu boneka santetnya berontak merasa paling tersakiti ğŸ˜‚ğŸ˜‚ğŸ˜‚ğŸ˜‚",2024-10-29 07:18:16
17862035118267116,manguki334,Sing panjang umur,2024-10-29 07:23:41
17910935429938582,hennyastuti1973,ğŸ˜‚ğŸ˜‚,2024-10-29 07:26:28
17992107887709980,arhul_turnojoyo,masih merasa yg paling dibutuhkanğŸ˜¢,2024-10-29 07:28:50
18052126903765555,jonathan_wardian,ğŸ¤£ğŸ¤£ğŸ¤£,2024-10-29 07:31:19
18104499409448856,agnesti_nwa,Ada yg nanya ga sii kalianÂ²??ğŸ¤”ğŸ¤”,2024-10-29 07:32:10
18474263431027849,r34blue_new,ğŸ¤£ğŸ¤£ğŸ¤£ğŸ˜„ğŸ˜„ğŸ˜„,2024-10-29 07:32:31
18010427345458854,watchbogor,Ne pegang tasbe ne....ğŸ˜‚ğŸ˜‚ğŸ˜‚,2024-10-29 07:34:11
18024831680414055,taufiq_re,@fathrraihan,2024-10-29 07:35:56
18428767531072723,danzou0,Chiyobachan,2024-10-29 07:36:20
18051318190760788,ahmad_amrozi,ğŸ”¥ğŸ”¥ğŸ”¥,2024-10-29 07:36:43
18026454404593434,putrigintatanjung,,2024-10-29 07:36:44
18003979454673103,gyhsjaa,Iyaa deh si paling ga punya hp si paling di sadapğŸ‘,2024-10-29 07:37:48
18030142079346722,agusitats,wkkwkwwk sok pede gak punya krna ndak iso wkkwkwk,2024-10-29 07:38:48
18073161373591409,callmecakgus,GR nek . . .,2024-10-29 07:39:17
17870830881216151,lorddj2021,Banyak barisan sakit hati komenğŸ˜‚,2024-10-29 07:40:31
18049000159822071,ansyardi,ğŸ˜‚,2024-10-29 07:41:23
17880102888170306,dharmawanreza,Moneypenny ini mahğŸ™ŒğŸ¼,2024-10-29 07:41:46
18035631641515992,pijitbekamsebandarlampung,Oh wajar....yang dia tw cm tukang baksooo jodohnya anaknya si puan,2024-10-29 07:42:18
18030647426119102,_zazazuzu,Kan emang harus nya nenek nggak boleh megang HP.,2024-10-29 07:42:41
18055500049888828,pratama_nnd,Sipaling disadap,2024-10-29 07:42:52
18045191234091935,_iwiill,Iya toh matep to dari pada kesasar mendingan tak gendong toh enak toh mantep toh,2024-10-29 07:43:12
17870828364214813,rioharyadisukses,Isoo ae,2024-10-29 07:45:10
18142027300357846,bungsubhan,Sok penting banget ini orang,2024-10-29 07:45:13
18041551373139531,bilas.id,Woowww ğŸ”¥,2024-10-29 07:45:26
17893796688095928,agvngmartani,"Apa itu Cacingan?
Â 
Cacingan adalah penyakit akibat infeksi cacing parasit yang hidup di dalam usus manusia. Cacing yang tinggal di dalam usus tersebut akan bertahan hidup dengan menyerap sari-sari makanan yang masuk ke dalam usus.
Â 
Cacing yang menginfeksi tubuh manusia tidak hanya menyebabkan gangguan pencernaan, tetapi juga berisiko menimbulkan masalah kulit. Jika tidak ditangani dengan tepat, cacingan juga dapat menyebabkan kondisi lebih serius, seperti anemia",2024-10-29 07:45:33
18046369265057398,hergoliussubandri,"Bomat mak, lg aseeeekkkk ngopi",2024-10-29 07:48:29
17907609711029374,muhasrulputratamaanwar,Saya yakini pernyataan ini ada beberapa orang sangat sensitif dgn teknologi krn benerapa pertimbangan seperti penyadapan hanya orang2 tertentu yg seperti ini.ğŸ”¥ğŸ”¥ğŸ”¥,2024-10-29 07:49:27
18251996044271680,fitrieliyahkhana,Iya bu keren ğŸ˜ƒ sm kyk ibu saya gak pake bumeg. Emang paling bner istirht jn main hp ğŸ˜‚,2024-10-29 07:51:26
18056010625723694,yusupbachtiar10,Biasa geus kolot mah maju ka budak ğŸ¤£,2024-10-29 07:52:26
18039490339987152,bernikeadelia,Nggak bosan bu ehhh nek bikin gaduh terus di setiap pernyataanmu ğŸ˜®,2024-10-29 07:55:22
17870151954215092,hai_giill,>>Taaaaiiiii.. ğŸ’© ğŸ¤£,2024-10-29 07:55:29
18120871621392792,sriani7553,Neliiiiii...ğŸ˜‚ğŸ˜‚ğŸ˜‚ğŸ˜‚,2024-10-29 07:56:13
18014550971351353,primayoga_ariadipa,Ini caper banget deh ibu yang satu ini ğŸ˜‚,2024-10-29 07:56:32
18037567178265493,gerindhakah,Lah gak bisa nonton ceramah 24jam full diyuotube ky emakku,2024-10-29 07:57:24
17846656875317001,bientorohadi,Sudah saatnya beliau beristirahat. Kayak ga ada kader aja si PDIP ini,2024-10-29 07:58:20
18205363411295628,adisapta_,"Jadi relate dgn pernyataan Pak Prabowo pada saat kongres PAN. Beliau bilang intel harus digunakan untuk kepentingan bangsa, bukan ngintelin lawan politik. 
Dan sebelumnya mantan Presiden Pak Jokowi juga sempet bilang kalau Beliau banyak dapet info dari intelijen sehingga tau apa yg terjadi dalam parpol.",2024-10-29 07:58:29
18008743568473808,madearini,Iyain aja udah biar cepetğŸ˜‚ğŸ˜‚ğŸ˜‚,2024-10-29 08:01:22
17997467600525430,rainmaudyregina,Ibu ini selalu ada saja gebrakannya ya ğŸ˜‚,2024-10-29 08:02:07
17986814045741689,gendhis_prmsw,Apakah ini benar?,2024-10-29 08:02:41
18051158816306824,_aglnr,Ben,2024-10-29 08:03:32
18020035850562267,ibyoni,Orang yg ngaku paling tersakiti ğŸ˜‚,2024-10-29 08:05:03
17924740274976570,azharieghanie,"Gampang kali di sadap, seharusnya tingkatkan lah keamanan biar GK gampang di sadap orang ğŸ˜‚",2024-10-29 08:05:07
18447922774064187,ekahmadzn__,Bocah tua,2024-10-29 08:07:20
17993932169711917,jeng_diwi,ğŸ˜‚ğŸ˜‚ğŸ˜‚ğŸ˜‚,2024-10-29 08:08:21
18027711950384816,kard_inal2,PreeeetğŸ˜‚,2024-10-29 08:08:40
17990829074568568,marliawati_rina,Bodo amat ğŸ˜‚ğŸ˜‚ğŸ˜‚,2024-10-29 08:13:14
18044915612029132,sprd17,Aya Aya wae ğŸ˜­,2024-10-29 08:14:07
18065026033726175,butterfatt,Bodo amat,2024-10-29 08:14:38
17982888497750093,muhammad_irfan_syach,"Prabowo berteman tdk seperti itu bu,, sadap2an segala",2024-10-29 08:14:56
18039525548328977,007z000,Kasian udh tuwir ribet hidup nyağŸ˜‚ğŸ˜‚ğŸ˜‚ğŸ¤£ğŸ¤£ğŸ¤£,2024-10-29 08:16:52
18042103721511386,jajangzaenudin.sst,Dia tinggal panggil orang nya ğŸ¤£,2024-10-29 08:24:34
18117457891408733,cmnbgt,Mantap ibu James bond,2024-10-29 08:26:23
17951584946747805,yasminta.sba,"kadng yang aku pikirin gini,kluarganya bu mega ini kira*dihujat ga ya perihal tingkahnya beliau? kek misalnya cucu/cicitnya yg sekolah,trus keponakan atau yg lain yng msi dekat dngan bu mega.secara beliau kan sudah tua tpi ttp jadi pusat politik di indonesia",2024-10-29 08:26:56
18204789001289247,nadimhidayat,keren bu,2024-10-29 08:27:19
18037284731186659,knotchef,Mirip NPC di game zelda ğŸ˜­,2024-10-29 08:27:41
18307788571161222,__irf___,ğŸ˜­ğŸ¤£,2024-10-29 08:28:46
18462867085043123,putrasetyant,PEDE ABIS LO NENEK NENEK.,2024-10-29 08:29:43
18044509021896851,amorristabeta,"Udah udah biarin, biariiin ajağŸ˜­ğŸ˜­",2024-10-29 08:29:48
17893631379095978,avianbumijaya,Lelucon apalagi iniğŸ˜‚ğŸ˜‚ğŸ˜‚ğŸ˜‚,2024-10-29 08:32:34
18066603772656041,fendyfashionstore,Wihhh narsis amat nekk.....ga Lepas Lepas dr sindrom SP (sok Penting)ğŸ˜‚,2024-10-29 08:34:58
17963524931816784,sahmaun_iris,Tp hp cadangan pst ada tohhhh bukkk,2024-10-29 08:41:29
18359515000186465,kurodadua,,2024-10-29 08:43:28
18038576048471765,nilacandra_kusuma,"Btw, bukan karena gaptek kan ğŸ¤£",2024-10-29 08:45:34
18152059252336477,mohamadarifin36,Terlepas ketum model gini tapi kader Redbull jujur bagus bagus leadership-nya,2024-10-29 08:48:12
18027705974164344,mitra_halu,ikh,2024-10-29 08:48:31
17899824993075333,nurhawati_jamil,q y huuh cxxx,2024-10-29 08:49:50
17918736137902651,amin.suhendro,,2024-10-29 08:50:32
18048918586983577,firmansyahjoko29,Iya nek,2024-10-29 08:53:39
18363387505114612,jothun_arishok_eishenhower,we dont give a SH!T....!,2024-10-29 08:53:51
17995502900533268,mbahpee18,Jangan lupa mampir di tik tok q mbahğŸ˜ğŸ˜,2024-10-29 08:54:12
18036215108221246,ruli_hutagalung,"baca berita dari bisikin goib dong bun, eh nek?",2024-10-29 08:55:57
18255263518248494,tinikeu.domri,ğŸ˜‚ğŸ˜‚,2024-10-29 08:59:18
18084620005521318,ishong_rohudkhan,Pantes suara rakyat diabaikan ğŸ˜­,2024-10-29 09:00:55
18465330118007736,flv.rza,kalo HP nya HARUN MASIKU dimana ya nek??,2024-10-29 09:02:52
17955110438731483,heniilst_,Orang kalo udah tua emang suka balik kayak anak kecil. Contoh omongannya ngelantur dan gak genah,2024-10-29 09:04:56
18025906355417035,kurniawan.kw31,Pede bangett ğŸ¤£,2024-10-29 09:08:20
18009157745652274,karyatmo9,Gaptek kali...,2024-10-29 09:08:28
17955543464835723,akhyarritonga,HahhÄ¥hh !!!!,2024-10-29 09:08:46
18047100971004790,sulistyabudi69,"Nggak pegang HP lah .., krn nggak tahan di hujat netizen ğŸ˜ğŸ˜",2024-10-29 09:08:46
18057759667827638,panjiorlando,"Iya bu,ibu memang org yg paling di tunggu Shut up di indonesia",2024-10-29 09:08:56
18104150038445037,ojogimun,Ge er... Memang karet... Disadap..,2024-10-29 09:10:16
18280170385170836,sulistyabudi69,"Sok penting banget nggak sih ., pdh udah nggak penting .., dasar mak banteng kadang kadang yeee ğŸ˜‚",2024-10-29 09:10:41
18045923657061369,bsdnick90,Coba sadap dong .... isiin saldo gue ğŸ˜‚ğŸ˜‚ğŸ˜‚,2024-10-29 09:12:10
18017560214622956,lukmanhidayat936,ğŸ”¥ğŸ”¥ğŸ”¥Ibu ini yang berani head to head dengan Rezim otoriter Orde Baru... Engga ada takut nya,2024-10-29 09:13:01
18047546228069947,imaniashinta,ğŸ˜‚ğŸ˜‚,2024-10-29 09:13:08
18003190085665519,atomianaja,Pakai pager ya bu?,2024-10-29 09:15:43
18077431840568866,ammaranastastia_,YTTAğŸ¤£,2024-10-29 09:17:53
17843123670347055,susantoaji9404,ğŸ˜‚,2024-10-29 09:23:22
18009229193466654,rezha_satria,Paling di shut up (sadap) ğŸ˜‚,2024-10-29 09:23:23
18023191253617711,faisalerza,Paling seng nyadap malaikat maut wes intip intip truss,2024-10-29 09:24:58
18051953386938262,khairizzamu,"Gak punya hp, tapi orang yg diajak ngobrol ada hidden mic ğŸ—¿",2024-10-29 09:32:56
18342817057132391,anandamarvian,SBY : First Time? ğŸ¥±,2024-10-29 09:32:59
18318086182092204,husamfih,"Lucu, tapi nyata",2024-10-29 09:36:45
17989845950581035,devisuherman92,Pd bgt bu ğŸ˜‚,2024-10-29 09:37:01
18062320885703773,wong_budisat,Ga ada untungnya menyadap,2024-10-29 09:38:54
18042167848910728,7dar168,ğŸ˜‚,2024-10-29 09:42:22
18045030584285206,boyusman007,ğŸ˜‚ğŸ¤£,2024-10-29 09:51:38
18019424594562075,nocturno163,Micin Emang Sadaaaap,2024-10-29 09:52:19
18367152700113091,denyrichard.sianturi,trus gak punya hape kok disadap? apanya yang disadap dap?? haluuu!!! ğŸ˜‚,2024-10-29 09:53:43
18020457872565039,winta_ta,@t.wiibowo takut di sadap memang beda tipis dg ogah ribet HP..,2024-10-29 09:54:05
18318193507082851,kikihendras,"mohon maaf bu, james bond masih pakai hp, canggih pula",2024-10-29 09:55:45
17997877568695893,hameed_gilang,dengan kondisi politik yang saling sikutÂ²an masuk akal ga sih kalau bu mega bilang begini? dulu aja beliau pernah disadap dari australia loh,2024-10-29 09:55:47
18055845658874401,the.megawati,Ko tukang bohong ya mabanteng,2024-10-29 09:58:20
18283269043242772,drananda.ig,Ang ang ang,2024-10-29 09:58:53
18253054252264691,tresnowicaksono,WOW QWERENNN SEKALEEH QUEEN ğŸ‘‘,2024-10-29 10:02:41
18360040648141886,natr.cl,Lucunya-lucu lagi segitu umur emang ğŸ¤£,2024-10-29 10:06:17
18117846604406322,achmadfaizal53,"Mak ateng, sudah saatnya masuk panti jompo",2024-10-29 10:07:00
18037813907227907,christinhits,Dulu suka sama orang ini sekarang hilang respek...terlalu merasa pentingğŸ˜‚ğŸ˜‚,2024-10-29 10:07:04
17914047153001060,bimsseno825,,2024-10-29 10:08:20
17925363680968024,prawasty,"Maaf seumur segitu memang udah males pegang hp deh ..,paling tinggal tolong bacain isi nya apa .ğŸ˜‚ğŸ˜‚",2024-10-29 10:10:01
18066002611641561,biz.indo.store,ğŸ˜®,2024-10-29 10:16:14
18027631316523876,nyonyasulis.s,"Kita samaan buk,saya jg suka disadap SM pinjolğŸ¤£",2024-10-29 10:18:44
18013057379403052,gunawan.wawan.7967,usia lansia kembalik ke kanak kanakan biasa menceritakan masa lalu nya,2024-10-29 10:18:53
18284981620237406,bang.towel88,boong banget. hari gini ga pake hp ğŸ˜„,2024-10-29 10:18:59
18045718430039710,nanang_nah,ğŸ˜‚ aya aya wae,2024-10-29 10:21:31
17996757644529698,flores_awesome,ğŸ˜‚ğŸ˜‚ğŸ˜‚ğŸ˜‚,2024-10-29 10:22:54
18038188997332562,loneirian.id,YeayyyğŸ‘ğŸ‘ğŸ‘ğŸ‘,2024-10-29 10:30:16
17905599584960882,nita_nit06,"Bu, coba deh main tiktok, asik loohhğŸ˜",2024-10-29 10:35:32
18087478813506910,vinsnt__,Pantesan suara rakyat ga kedengeran...............,2024-10-29 10:38:04
18255577933256822,dhinoarok8,Iya apa iya,2024-10-29 10:39:17
18042342163911932,netizen_stress,Bilang aja gk bisa unlock Hp susah amat nih fosil,2024-10-29 10:41:36
18049882720814386,jonals2606,Lho ke geeran sendiri opo mimpiyo nek,2024-10-29 10:42:06
18021651887620996,andyngrhaa,Hihihi serem,2024-10-29 10:43:38
17900903169074339,budisatritomo,Yg disadap kan cuma karet,2024-10-29 10:51:40
17880422859170865,wan.2.tri,"Iya2 budeh, iyain aja omongan budeh banteng dia lagi lucu2nya soalnya ğŸ˜‚",2024-10-29 10:52:46
18072846763610130,aris_maryoko,Apanya yg keren ğŸ˜‚.,2024-10-29 10:53:02
18024467426577331,wahyu_123411,"Keren emang nenek satu ini,sehat2 ya aset antik negara,aku ngefans berat padamu dari dulu,yang benci itu adalah orang yang sukanya liat riak permukaan jadi mudah dikibulin",2024-10-29 10:54:23
17861978310202555,wahyu_123411,"Yang komen ga jelas keliatan ga pinternya,hanya menilai riak air akibat lemparan batu,ya begitu jadinya kalau aku tetap terpesona akan kehebatan emak banteng satu ini",2024-10-29 10:55:32
17959640789817378,pakdhesuroboyo8,ğŸ˜†ğŸ˜†ğŸ˜†ğŸ˜†ğŸ˜†ğŸ¤”ğŸ¤”ğŸ¤”ğŸ¤”ğŸ¤”ğŸ¤”,2024-10-29 10:57:17
18032354786094607,piidu.mf,Ap yg mau di sadab sama ni org tua satu ni ğŸ˜¢ğŸ˜‚,2024-10-29 10:58:00
18361901104188026,gemb3l_sombon9,,2024-10-29 10:58:03
18318577750086751,_vasthu,"""M""",2024-10-29 11:04:51
18035816780338004,ailaper16,Apaan siğŸ˜­ emg pntg bgt dia? Msh pentingan @bobbykertanegara gasih?ğŸ˜­,2024-10-29 11:07:19
17900144835075166,shauqi0822,siapa yang mau nyadap nenek,2024-10-29 11:09:43
18048462545051674,bagusprast_,Nggih bu,2024-10-29 11:09:55
18470709475003936,iwan6010,Memang banyak tukang sadap terutama di perkebunan2 karet ..,2024-10-29 11:10:21
18284773654214719,tr_aswin,emang seharusnya sukarno childfree sih,2024-10-29 11:11:58
18346167217130597,eza_venza,Padahal bentar lagi ip16 masuk indo bu ğŸ™ğŸ»,2024-10-29 11:12:45
18040089667967480,putra_boomers_,saiya anak Soekarno looh,2024-10-29 11:13:12
18255993784255200,zaenalmuarif018,Disarap bukan disadap nek,2024-10-29 11:19:15
18207905584295368,nuovobasso,Tp ajudan pada pegang HP tooo bu,2024-10-29 11:30:21
17971576907656474,gilang.fradana,Sadap??? Tremor nek,2024-10-29 11:31:25
18105239815432728,iwansiswantoariyono,"Orang segini emang ngerti megang HP kemungkinan hanya bu ini sudah di transfer kerekening ibu lalu ia bilang "" Yua wiss nanti anak buahku yang ngurus ya merdeka ""  Selesai ğŸ˜‚ğŸ˜‚ğŸ˜‚ğŸ˜‚ğŸ˜‚ğŸ˜‚ğŸ˜‚",2024-10-29 11:43:35
18055681369862351,ahm_ads1988,Mungkin Bu haji harus segera memimpin majlis ta'lim Nurul Hidayah,2024-10-29 11:44:26
18045398516031458,elinda.hijazi,Bodo amaaaattt neeeeekkkkk,2024-10-29 11:48:29
17935577597937729,ekosusilo.id,Szzz.. dia ngomong spt itu dikasih tau pembisiknya ğŸ˜‚,2024-10-29 11:50:12
17947470914856488,sanggar_ahmada,getah karet juga disadap. apa kerennya,2024-10-29 11:50:38
17927335403970926,ahmad_irfin,Alah lo banggain diri sendiri,2024-10-29 11:50:42
17862288390259357,aji_jiroca,Mknya sumbu pendek ğŸ™„,2024-10-29 11:52:33
18050085616945427,roifahsoekardi,Lebih baik senyap diskusi yang konsisten. Aku sih setuju Bu Megawati Soekarno Putri. ğŸ”¥,2024-10-29 11:53:52
18047108507049504,p.a.n.s.u,"G usah banyak ulah yangti jaman dah lain, wis g ono wong agas",2024-10-29 11:54:17
17886306636104864,abi_hanif111,Ahahahahahahaaaa...,2024-10-29 11:55:39
17886583665104899,rroommii_02,Alhamdulillah ğŸ¤£,2024-10-29 11:55:59
18041040515490036,pujileshtari,ibuu sampun buu,2024-10-29 12:01:57
18449589565067696,shentagnelly,ğŸ˜‚,2024-10-29 12:03:10
18025242731603598,jeftanalap,Nolak teknologi?,2024-10-29 12:03:45
18086293084510727,bupati_tokyo11,Kalo ga punya gimana caranya bisa tau kalo beliau jadi org paling disadap di Indonesia?,2024-10-29 12:04:18
18047286406983307,yasintaamaria,Mau komen tp tkut ketauan,2024-10-29 12:08:46
18086143135518550,majukenamundurkenahehe,Pantesan awet tua.. Eh maksudnya masih sehat2.. Ajaa.. Keren mak' ee,2024-10-29 12:09:36
18055972840873409,totokindras,Karet bu?..,2024-10-29 12:11:13
18047726149980134,indrathekids,berarti kemarin saya video call sama siapa ? ğŸ˜­ğŸ˜­,2024-10-29 12:14:31
18034738124248425,mashuri_az_yan_elhazmi,Gara gara orang ini buka peluang buat si Perusak Demokrasi akhirnya menyesal ya?semua digenggaman Mulyono...semua tersadra mulyono...,2024-10-29 12:14:44
18465908794033275,suhartonowasis1,Ngelawak opo mane iki ğŸ˜‚ğŸ˜‚ğŸ˜‚ğŸ˜‚ğŸ˜‚ğŸ˜‚ğŸ˜‚ğŸ˜‚ğŸ˜‚ğŸ˜‚ğŸ˜‚ğŸ˜‚ğŸ˜‚ğŸ˜‚,2024-10-29 12:16:45
18254375863261589,etmargrt,Dih,2024-10-29 12:17:41
17988478793591712,siday_98,Over confidence?,2024-10-29 12:25:47
18039958889327954,404error_o,Oh,2024-10-29 12:27:18
18020232554548780,lismahrahmawati,Bu mega pede amat ya klo bikin statemenğŸ˜ƒ,2024-10-29 12:30:00
17856913353289925,fury_lestari02,Iyaaak buk iyaaaakkss ğŸ˜­,2024-10-29 12:31:02
18058622617681396,ibnu_rusman,ga penting,2024-10-29 12:39:11
18034449569263090,adib_7677,Pekokkk!!!,2024-10-29 12:39:13
17915885043007167,laelifatiya,Palelu,2024-10-29 12:42:07
18094975117471328,liebert_ext,"Waduh, tanda tanda ini",2024-10-29 12:46:52
18024641240529788,tr.asih,"masya allah, sehat sehat uti",2024-10-29 12:47:01
18428426560079192,im_adam0,Halah..khayalan NENEK MULYONO!!!,2024-10-29 12:53:16
18291746989228369,tom.hank1983,"Wah susah di kontak rakyat dan wakil rakyat dong, makanya sering halu",2024-10-29 12:54:32
18010810268444398,aa.lyp,ğŸ˜‚ğŸ˜‚ğŸ˜‚ğŸ˜‚ğŸ˜‚ğŸ˜‚ğŸ˜‚,2024-10-29 12:54:53
18040248704327530,ghinaffara_21,Dihhh,2024-10-29 13:02:01
18153163747332483,niaharyanto,Emak oh emak ğŸ˜‚,2024-10-29 13:06:47
18043974575030017,kanigara_rakabumi,Haaah?? Siapa lw? Pede amaaatt. Wkwkwkw jaman kamu udah berlalu,2024-10-29 13:09:05
18143865364349369,abdulrm_2478,Hmm ğŸ˜®ğŸ˜”ğŸ˜ğŸ˜ŒğŸ˜Œ,2024-10-29 13:10:59
17908568394024186,kelana7107,Nenek2 yg merasa diri nya sok penting,2024-10-29 13:21:32
18306781075166815,ramdantakaful,Wes Mbah istirahat maen Ama cucu,2024-10-29 13:24:55
18046304135051279,agus_azzura_setiyanto,Batita mmg imajinasinya luar biasa,2024-10-29 13:25:09
18013131290388736,henny9006,keren bangeeet..ğŸ˜„,2024-10-29 13:35:43
18041990956935005,febri.aqmal,Pede bgt bu...tobat bu tobat nanti diciduk malaikat maut lho...sombong dan bangga diri selalu ibu dari dluğŸ˜‚ lbh penting akhirat bu drpd ambisi mimpin negara cuma nambah hisab,2024-10-29 13:42:40
18130419382372722,pratamaak47,ğŸ¤£ğŸ˜‚ğŸ˜‚ stand Up Comedi setelah Pemilu ğŸ˜‚ğŸ˜‚ğŸ˜‚,2024-10-29 13:44:30
18124872751384924,mutanimutia,ğŸ‘ğŸ‘ğŸ‘ğŸ‘ğŸ‘ğŸ‘ğŸ‘ sudah bu,2024-10-29 13:45:07
18254746540248206,hendrikronos_,Dih ğŸ¤£ğŸ¤£ğŸ¤£,2024-10-29 13:47:22
18019565843617522,brans_kembaren,Sepertinya  Pak Jokowi berat ninggalin PDIP...tapi kalau berhadapan dengan seperti ini..rasanya wajar  sekali Pak Jokowi  ambil keputusan itu. Mau menghadapi  yg seperti ini...owh..ampuunnn.ğŸ˜¢,2024-10-29 13:47:24
18056591440808339,huzin_boniversuang,Defenisi negarawan kayak begini kah pola pikir dan cara bicaranya serius gw nanya?ğŸ˜‚,2024-10-29 13:54:16
18136995859366572,ultrasmilano17,Udah tua semakin lucu ğŸ˜‚,2024-10-29 13:56:13
18361022839112129,bw_budiwibawa,Haluwati,2024-10-29 14:01:23
18049164583817110,nogame1000,ğŸ¤£ğŸ¤£ğŸ¤£ğŸ¤£ lawakan yg lucu sekali,2024-10-29 14:01:30
18364276810118019,denihernawanto,"Si paling sadap,,,",2024-10-29 14:03:38
18073095517588804,yayan_040,ğŸ˜‚,2024-10-29 14:03:47
18013183868636671,qumaallaa,Sayang sekaliii Buuk... Gak bisa main candy crush ğŸ¤£,2024-10-29 14:07:56
18083960641471624,biyandaneen826,Hahahaha,2024-10-29 14:13:50
17907909402044260,kangridwan2109,Jameswa**,2024-10-29 14:16:12
18052218460924706,hestiaryati,Ih segitu penting nya ya ?,2024-10-29 14:21:20
18059725711839705,yama_sumbodo,Umur segini balik ke anak kecil ternyata bener....,2024-10-29 14:27:55
18050109250789725,bonekatiup,ğŸ˜¹ğŸ˜¹ğŸ˜¹,2024-10-29 14:31:35
17859977502271827,rfrh__,PICK ME ğŸ”¥,2024-10-29 14:35:22
18077661919560419,elfanbadai,pantes aja ngejual indosat. wong dia gapunya HP.,2024-10-29 14:41:46
18046709693054114,riezqoen,Wanita itu ruwet yağŸ˜‚ğŸ˜‚ğŸ˜‚ğŸ˜‚,2024-10-29 14:45:48
17889780723104498,n.eka.s6,Iya yg paling penting,2024-10-29 14:49:29
18045262450890718,ravi_regar,,2024-10-29 15:15:43
18044578133507979,rosyid_w,Bung Karno kalo masih idup kyknya ga kalah nyebelinnya sama anak2nya,2024-10-29 15:18:34
18106388284439620,mindracah,ğŸ¤¡ğŸ¤¡ğŸ¤¡,2024-10-29 15:35:59
17885486016135271,khong,Emang lagi lucu-lucunya inih ğŸ˜‚,2024-10-29 15:36:18
18066192814710682,hayam_haruk,Sadap umurnya ya allahğŸ˜‚,2024-10-29 16:01:14
18020796116306017,susy_dyifs,"Mungkin mba puan yg sadap hp ibu,soalnya takut ibu  dolan dolan dewe",2024-10-29 16:02:34
17909535003019038,farotiyoal,ya allah mbahh ğŸ¤£ğŸ¤£ğŸ¤£,2024-10-29 16:03:16
17963681855692903,4f_0n3,"Info vidionya woyy, seru kyk baca komik, klo liat vidionya pasti serasa nonton anime",2024-10-29 16:09:16
17879784462162893,plantinmylife,Hahah.... tiap mamak banteng bicara nih gue demen komen2 emosi. Kayak stop kontak. Click. Langsung pada nyala ğŸ˜‚ğŸ˜‚ğŸ˜‚,2024-10-29 16:10:08
17996278976700599,glemb69,Pantesan mic nya gak mati mati,2024-10-29 16:14:27
18060766915742990,ronggodanu,Lagi halu karena terpengaruh panasnya matahari,2024-10-29 16:17:31
17865383625246672,aepramdan,"Jadi inget dulu di salah satu persidangan ada rekaman hasil penyadapan, isinya obrolan telepon pake kode Apel Merah & Apel Hijau",2024-10-29 16:27:28
18025133579202070,sihabudeen_94,"Percayalah, dia hampir melakukannya setiap hari ğŸ—¿ğŸ—¿",2024-10-29 16:37:30
17966916452803237,davidbeckham1708,ğŸ˜´ğŸ˜´ğŸ˜´,2024-10-29 16:56:34
18281366770172466,dner_ep,Nek nek aku gak perduli ğŸ¤£,2024-10-29 17:04:37
18091727638494519,bayudistira__,Iya iya aja kalo nenek lagi bacot,2024-10-29 17:05:20
18014666192361882,anantha_wikrama,Padahal orang kepercayaan beliau kemarin jadi kepala BIN.,2024-10-29 17:06:12
18060509263762049,ifwan_saputra,Bukan gamau pakai emang gamau . Umur segini pake hp pasti mencet mencet layar entah kemana perginya . Jarinya itu loh .,2024-10-29 17:40:14
18469518550001415,yourcrazyneighborhood,PANTES GAK MAU DATENG DI PELANTIKAN ğŸ¤£ğŸ¤£ğŸ¤£ğŸ¤£,2024-10-29 17:48:58
18279467860244359,etnanhunt,Pohon karet biasanya juga di sadap bu ğŸ™‚,2024-10-29 17:55:48
18042445063900373,hanszchenf,Udh berumur hrusny nikmati hidup,2024-10-29 17:59:46
18024365762223281,dmdeoo__,Cubit jg nih ğŸ¤ğŸ˜­,2024-10-29 18:49:20
17862087912202278,hrn.s10101,"Maklum sudah tua, suka parno sendiri",2024-10-29 19:24:42
18316691857091977,ferryrmd92,Umur segini emang lagi lucu lucu nyağŸ¤£,2024-10-29 19:27:30
18067661518653453,rchws_,Emang aren disadap,2024-10-29 19:31:21
18317873215095124,pandjiprobo,Apaan sihh..,2024-10-29 21:12:05
18074645824597729,ifdlsmn,Pede amat meg,2024-10-29 21:22:55
18204776968294852,maerifa_jadida069,"Makin spt bocil,,,, ğŸ˜‚ğŸ˜‚",2024-10-29 21:34:19
17957163122829860,inungsunarto,Pakai kaca Benggala,2024-10-29 21:52:15
18020193419626630,stanby02,Halah bentar lagi ditanam ğŸ—¿,2024-10-29 22:02:29
18246964786287821,zakariia_mz,"Andai ibu Mega main Mobile legend, mungkin akan terkesima. Karena banyak player yang menggunakan foto ibu di profilnyağŸ‘",2024-10-29 22:13:00
18010368641438080,antho_aruan,Gigimu,2024-10-29 22:18:28
17936328509927171,2bszrie6_,kalo ngaca di cermin jngan di air sawah,2024-10-29 22:20:42
18049777174944629,binatang3077,Emang gue pikiran,2024-10-29 22:28:04
17972323895795420,nu12manhd,ğŸ˜‚ğŸ˜‚ğŸ˜‚ğŸ˜‚,2024-10-29 22:30:05
18023844683574598,soren.ang,Dia NPD ya?,2024-10-29 22:39:32
18071833900538167,djo1521,Bodo amat,2024-10-29 22:52:52
17985106868743347,sindie462,Ot,2024-10-29 23:13:46
18020428967543840,haurihidyh_,gua bacanya pake nada ibu mega ğŸ˜­,2024-10-29 23:19:32
17909029893023292,quen.alesha.hiza,ğŸ˜‚ğŸ¤£ğŸ‘,2024-10-29 23:20:01
17872656873200033,dwikiadityas,Mie sedap mbah,2024-10-29 23:22:22
18020007506315835,dikk_ko,"Keren ğŸ‘ğŸ‘ , meMUJI DIRI SENDIRI ğŸ˜‚",2024-10-29 23:39:15
18045634610096240,alitiwakkaring,Usia sperti ini lgi lucu* nya ğŸ˜‚,2024-10-29 23:41:43
18081279247542109,fitri_indriyati_,Kok tim dokternya gda yg nyaranin buat ke psikiater ya?  Narsis akut loh si nenek,2024-10-29 23:45:05
17886129942131049,ariakamandaka,Hari gini ga punya hp siapa yg percaya nekğŸ˜‚ğŸ˜‚ğŸ˜‚,2024-10-29 23:57:59
18022708067259746,namina_saha49,Keren mak,2024-10-29 23:58:48
18062487418739650,ariakamandaka,Ga bisa depo dong nekğŸ˜‚ğŸ˜‚ğŸ˜‚,2024-10-30 00:00:39
18065127247725300,indriyaniiadm,NPD,2024-10-30 00:04:44
18014790419355993,hildabashiro,"Jarne rek, lansia ancen balek lucu lucune ğŸ˜‚",2024-10-30 00:05:28
18365300371118764,alpiyaawww,@royhanazizy nenek kamu lucu banget ğŸ¤ğŸ˜­,2024-10-30 00:06:28
18035125817201123,bambang_setiawan86,"Umur segitu nenek gw udah pada ninggal semua bahkan ada yang blm sampe segitu umur nya, tapi knpa ibu ini masi panjang umur ğŸ˜¢",2024-10-30 00:30:46
17925950540975950,ratnasukesi18,Prinsip yg kuat......,2024-10-30 01:09:41
18074852821576434,rickiclick,Ngggiiihh,2024-10-30 01:20:29
17886464406117152,andifiqraa,pikmi,2024-10-30 01:21:05
18034116995067821,sozialromantiker_,"Kader2 tinggi nya tiap hari loh ngadepin beliau, hebat",2024-10-30 01:41:19
18061136272752649,chusnul_maulanaq,Kebanyakan makan apa org ini,2024-10-30 01:49:47
18043989716091573,niki_122020,Selalu bilang rakyatku. Tp aku merasa bukan rakyatnya ğŸ˜‚,2024-10-30 01:55:31
17894992860012352,ud.rappi,LUCU MMANG TV PDIP....ğŸ˜‚ğŸ˜‚ğŸ˜‚,2024-10-30 02:12:47
18045740918036981,rohmadbagusprabowo,Diatas presiden masih ada Bu Mega.. menyalakan wkwk,2024-10-30 02:30:47
17942199404908974,irenepl1,Apaansi,2024-10-30 02:35:32
18047625299055162,ep_era,ğŸ˜‚ lucu,2024-10-30 02:37:40
17870559195216152,qorik_alfa,@toher234 @bangdayts @khalif_azka  perlu disadap rumahnya biar gak punya rumah,2024-10-30 02:51:33
18468707245062518,herutanparagu,Kembali ke masa TK,2024-10-30 02:52:50
18143092828350820,bambstywn,Buat apa maaak nyadap klu sampean punya hp kan sampean orang baik sepanjang masa,2024-10-30 03:20:00
17855142831298140,rerendiet,iya keren .. lebih keren lagi diem,2024-10-30 03:21:56
18013543412398322,rumahbatiklontara,So sadap,2024-10-30 03:53:41
17987054138726928,ratrimemey_,ğŸ¤£ğŸ¤£ğŸ¤£,2024-10-30 04:06:13
18064754116673253,nftn97,Dusta bgt ngga punya hpğŸ˜¢,2024-10-30 05:02:51
18109595473426517,joeliey,ğŸ¤£ğŸ¤£ğŸ¤£,2024-10-30 05:05:22
18061537087703993,swwypp17,Kek nenek tapasya gak siiii ğŸ˜­ğŸ˜­ demidewaaaa,2024-10-30 05:41:27
18027782393153043,musicofyourlyfe,Iya salut,2024-10-30 05:51:47
18049860511814635,danieladiputra,Bilang aja kudet Mak..ğŸ˜‚,2024-10-30 06:18:48
17943149798874054,stevanusbilly_manullang,Si paling sadap,2024-10-30 06:28:50
18033115394071756,hendi_trisniadi,Mau tumbuh gigi ğŸ¤£,2024-10-30 07:02:47
17951734262850279,bt_kng,Ku tak peduli,2024-10-30 07:16:44
18257320126250761,yerikeayu,Sehat sehat yaa nek.. ğŸ”¥ğŸ”¥ menyala nenek ku,2024-10-30 07:22:18
18467016445051014,fahmi_ekek,apa yg mau d sadap.dah kering gitu juga..peyot njirr,2024-10-30 07:23:28
18067218325640529,prasetioheri,HahğŸ¤£,2024-10-30 07:43:00
18048695263833029,marzukihamdan_,Kudu tak jrongkokno ae,2024-10-30 08:33:18
18044996405313799,fasilnt,Nek udah apa nek istirahat udah uzur,2024-10-30 08:34:11
17866624608256029,wartamegantara2710,"Sepenting apa sih dia, smp disadap, lucu memang seumuran diağŸ˜€ğŸ˜€",2024-10-30 09:10:03
18032281493373456,denisaurus23,Pohon karet kali ah disadap.,2024-10-30 09:41:54
18034885895350181,tiar.baskara,Kayak bakso kebanyakan mecin..... sadap benerrrr...ğŸ˜‚,2024-10-30 09:53:10
18147158278340950,sir_alexander92,Pdi tanpa jokowi tuhhhhh aduhh kasiaaannnn deh yeeeeeeee,2024-10-30 11:22:36
17979402377630654,otokkeweharelle,"Cuanettt, pen cubit tailalernyağŸ”¥ğŸ˜­",2024-10-30 12:39:44
18014496737375866,widha.thamrin,"Ksian gue ama anak nya, emak2 klo ngomg gak d ayakğŸ˜¢",2024-10-30 12:45:13
18014185373635851,tukanglastiongkok,pasien siapa ini woeh..blon sembuh kyknya uda maen lepas aja,2024-10-30 13:29:26
18015023990342251,abunawas168,Nonton drakor aja dirumah ya.. ğŸ‘ğŸ‘,2024-10-30 13:41:23
18346142521130391,rsopiansauri,Aaahhh kitu wae,2024-10-30 14:26:39
18032242745460433,adrianus_aja,,2024-10-30 15:11:16
18041490056140232,patminmaco,Lah nggak pakai hp berarti nggak peduli dgn permasalahan wong cilik..masak cuma mengharap bisikan2 anak buah klau ditipu bgm coba..?,2024-10-30 15:57:56
18082433767477196,hanny_luhukay,Ya terserah ibu mau pake hp atau tdk,2024-10-30 17:25:25
18104182348445620,tozenxvicky,Nenek banteng gaptekğŸ˜‚ğŸ˜‚ğŸ”¥ğŸ”¥,2024-10-30 21:06:46
17896822830087812,mayasundani89,ğŸ˜‚,2024-10-30 22:00:33
18043598666033129,tri.sardono,Nek GK ngopo ngopo kok Wedi disadap,2024-10-30 22:29:53
18123592204387189,allbe_jadoel,"Ndasmu....100 org pejabat sperti dia gaptek HP di indonesia, bisa hancur negara iniğŸ˜‚",2024-10-30 23:56:08
18291031498225910,bonprasetyo,Bu.. Eling bu.. Eling..,2024-10-31 00:24:10
18463613014019554,sulfianairma,EeetttdaahhğŸ˜‚,2024-10-31 00:56:18
18020336084309345,edhii_susanto,Nga pake HP tapi pake telepati ğŸ˜‚,2024-10-31 00:57:30
18061634257755685,villakostratnasoetrisno,ğŸ˜‚ğŸ˜‚ğŸ˜‚ğŸ˜‚ğŸ˜‚ah gak asekkk... Jd gak bisa FB IG TIK TOK an.... ğŸ˜‚ğŸ˜‚ğŸ˜‚ğŸ˜‚.,2024-10-31 00:59:12
18066994732641428,miss_helter_skelter,Sehat selalu Bu Mega ğŸ˜Š,2024-10-31 01:10:29
17879485926093850,susantisutedjo,laah trus kalo disadap kenapee? kok takut?? ğŸ˜±,2024-10-31 01:23:08
18103940485451742,ganjank46_airbrush,Disadap..ğŸ˜‚ğŸ˜‚...macem pohon karet ya disadap..ğŸ˜‚ğŸ˜‚ğŸ˜‚ğŸ˜‚ğŸ˜‚ğŸ˜‚,2024-10-31 02:35:53
18126086716383466,dianovi455,ğŸ˜‚ğŸ˜‚ğŸ˜‚ğŸ˜‚ğŸ˜‚ğŸ˜‚ğŸ˜‚,2024-10-31 03:27:34
18043387439120598,kevrajaa,"sudah mulai delusional, malah jadi joker..",2024-10-31 04:01:45
18037275515189012,bimon_1115,ğŸ˜‚ğŸ˜‚ğŸ˜‚ğŸ˜‚ğŸ˜‚dora lgi dongeng,2024-10-31 04:17:02
17874877116196178,rinodananjaya,Ibu ga penting kok sekarangğŸ˜‚ğŸ˜‚,2024-10-31 05:42:51
18023980799576451,srazkha,playing victim,2024-10-31 05:48:06
18051324952778779,pahlupis,mieee kali ahh sadappp,2024-10-31 06:12:04
18026565650407564,fitri_asetnegara,Si paling disadap ga tuh ğŸ˜‚,2024-10-31 07:44:07
18095927314473531,taufik_komara,Ceritanya Ibu ngomong sm siapa?,2024-10-31 11:06:33
17877110487188222,yusufreal20,"Yg pke hp kan asisten ibu tinggl suruh suruh doang kan, saya jga punya atasan di pbrik kerja nya nyuruh saya trus begitu kira2 gmbranya",2024-10-31 11:12:19
18022691939252212,anditaufik31,ğŸ˜‚ğŸ˜‚,2024-10-31 13:07:15
18042226846915559,daniprak,Keren bgt NekğŸ˜‚,2024-10-31 13:10:50
18042512216134867,cigcola,Bodo amat,2024-10-31 14:10:37
18046176422302416,taufikhi.dayat,Ibuk sok pentingğŸ«¢,2024-10-31 14:28:09
18025512215595977,maulana_ibrahim70,Iya bu iyyyaaa... Udah ya udah,2024-10-31 20:18:52
18040843250472155,dewi_fortuna890,Sekali - kali bu ora popo kan jaman nya prabowo kmrn jaman ibu 10 berkuasa..... ğŸ˜®ğŸ˜‚,2024-10-31 21:24:38
18009106556470754,aryadwiparna,Kasian buta teknologi ente broğŸ˜‚,2024-11-01 07:32:20
17895050064094073,galangjordan9999,Mantap bu ketum.. maju tak gentar,2024-11-01 15:09:35
18042339926110587,radenmashadis,"Merasa terpaling hebat kau mak emak ,gak nyadar prestasinya hanya menjadi anak bung karno",2024-11-01 19:03:47
17931017324953773,stepbystev23,James bond pake HP tulul ğŸ˜‚... Umur doang uzur. Klakuan msh kaya ababil. Dpikirne dia ngebacod mberi arahan k ajudan/bawahan nya... Lalu gimana mereka nerusin perintah nya kalo bukan pake HP ? Emang pake merpati pos dari dia seorang sampe k bawahan k tingkat kecamatan? tululnya natural,2024-11-02 02:30:51
18081138379542248,rslnbdmn,Menyaka Bu ketumğŸ”¥ keren toh,2024-11-02 15:21:31
17862292881259303,fariz.69,Dih,2024-11-03 04:19:23
18082259140555096,locality_people,Mungkin dia pakainya HT,2024-11-11 11:19:54
18005044091676677,iqbal___pratamaaa,Si nenek playing victim banget anying,2024-10-29 03:34:09
18041435324177429,arfan.bahrun,nenekku juga udah tua sering banget ngoceh sembarangan,2024-10-29 03:34:16
17849772147324526,efidikal,ğŸ«¢,2024-10-29 03:34:17
18066305152645784,hafid_h_2rf,"Seperti tetangga sy, makin tua makin lucu aja.... ğŸ˜‚",2024-10-29 03:34:25
18072921427590761,sea.addict0701,ğŸ¤®ğŸ¤®ğŸ¤®ğŸ¤®ğŸ¤®ğŸ¤®,2024-10-29 03:34:51
18317733706082986,alnuariii,geer lo nenek-nenek bau tanah,2024-10-29 03:35:08
17989446134721623,divateguh,Ok,2024-10-29 03:35:13
18020608526618064,toni_telusongolimo,HP ku merk nyA iTel ğŸ”‹ baterai nyA 5000 awetğŸ‘ğŸ¼,2024-10-29 03:35:16
18031103384358108,syhrul7,2 pulau dijual sama mak banteng bnr g ye??,2024-10-29 03:35:17
18019677941541760,arrie_chedot,Udeh tua msh aja suka ngelawak,2024-10-29 03:35:26
18020485607289234,jenanggulajawa,ğŸ˜ğŸ˜ğŸ˜,2024-10-29 03:35:26
18048639034994988,alvnkh_,Dihh bodoamat,2024-10-29 03:35:27
18085036486519888,leseilesei,ğŸ˜‚,2024-10-29 03:35:27
17988375374719197,michaelstiff_,pick me,2024-10-29 03:35:30
18050929258928427,gun_delonkk,kalau memang tidak ada apaÂ² ya ngapain harus takut di sadap bu ğŸ˜Š,2024-10-29 03:35:30
18049903840939302,karihantyast,b aja sumpah,2024-10-29 03:35:43
18144953167349720,inpresroad,Emang apa untung nya nyadap nenek?ğŸ˜‚ğŸ˜‚ğŸ˜‚,2024-10-29 03:36:00
17935599971927561,bayu_dharmayana,Buat apa ?,2024-10-29 03:36:07
18056363167718488,amhyongg,Ahhahhahahahhahahhahahahahahhahahahahahahhahahaahha,2024-10-29 03:36:07
17977691891780271,lee.br04,Iya aja lah biar cepet,2024-10-29 03:36:08
18063409252738422,azwar.scuderia,Maksudnya tukang sadap karet?,2024-10-29 03:36:13
18270814546301136,witm1106,Percaya toh,2024-10-29 03:36:13
17979453086781125,dian.diandian93,iya in aja eyang biar seneng,2024-10-29 03:36:17
18042240577900945,a_sd_82,Iyain aj namanya juga sudah nenek2 kyak anak kecil lagiğŸ˜‚ğŸ˜‚,2024-10-29 03:36:33
17938872899920198,anggytuhilatu91,"Ibu orang penting soalnya, jadi harus disadap.",2024-10-29 03:36:39
18348227230192945,mhmd.prbwo,Sapa hayooo yg suka ngelucu tpi g lucu,2024-10-29 03:36:39
18030448583111998,akbar_habibie_volley,Semua buzer pdip atas mesti atas ijin ketua .,2024-10-29 03:36:46
17999231219693767,faladin3,Gak bisa stalking mantan bu,2024-10-29 03:36:53
17980154561766999,ersaaaaaaaaaaaaaa,Iya eyang..... Keren lah pokoe,2024-10-29 03:36:54
18256781536266100,gcattur_,Kalo punya HP pasti story WA nya tentang masakan ya bundd,2024-10-29 03:37:05
18040463348129235,sang_pemimpikecil,Biasanya gak mu urusan ama pinjol kalau gak punya HP,2024-10-29 03:37:34
18071911930538722,liana.priliantie,"Yang pake ya ajudannya. Ibu mah tinggal tunjuk aja ya Bu. Ga usah pake hp Bu, mendingan hpnya buat saya aja booook . Menyalaaaaaa ibooooookk ğŸ”¥",2024-10-29 03:37:38
17949436280855166,banteng.pbg,Keren banget bunda Mega. Anak-anak mu bangga punya ibu kuat seperti mu â¤ï¸â¤ï¸â¤ï¸,2024-10-29 03:37:47
18035687273245492,goraadita.p,Y,2024-10-29 03:37:47
18280822771175282,recehxixi,Oh,2024-10-29 03:37:55
18088459024454648,fernando._purba,Yg mau nyadap kau sp nek?? Masa berlakumu udah abes kokğŸ˜‚ğŸ˜‚,2024-10-29 03:38:05
18248487613275246,kharieez,"Opo tho, nekk...",2024-10-29 03:38:06
18012442007418532,diansusanto965,Blugg,2024-10-29 03:38:09
18065624728656121,yustiman_kumham,Aduh kasihan sekali anak soekarno....kok bisa hp nya disadap,2024-10-29 03:38:09
17877243921179334,dttrontu,ğŸ˜‚,2024-10-29 03:38:15
17994467384546609,rudihermawan.270,Ini Yg Nge Prank Pak Anies salah satunya ğŸ˜‚ğŸ˜‚,2024-10-29 03:38:19
17968028234798915,yho_whes_ben,"Disadap kayak karet melar, makanya ngomong nya ngalor ngibul, penuh colour.... ğŸ˜‚ğŸ˜‚",2024-10-29 03:38:37
17879846388160945,sarwo.geo,Heran,2024-10-29 03:38:42
17978205527780763,rikanti_irsyad,Makin ke sini makin aktif ya bund. Menyala oposisi ku ğŸ’,2024-10-29 03:38:42
18042164216484016,mochamad_aditya,Dharma pongrekun bener ğŸ”¥ğŸ˜¢,2024-10-29 03:38:50
18098101498463726,sinyoirwan,"Pake telpon2an kaleng susu yg pake benang aja, Bu.",2024-10-29 03:38:50
17952245081744830,eka_swp,Hehehe keren banget Bu Mega ğŸ™Œ,2024-10-29 03:38:57
18045065687503811,suryobepe,Gue dengan kesadaran penuh : YAUDAH IYA!,2024-10-29 03:38:59
17954923811731668,fuspidian,@rinarinia ğŸ˜‚ğŸ˜‚ğŸ˜‚,2024-10-29 03:39:00
18061148503696019,ocayaini,Pede banget,2024-10-29 03:39:03
18080485483556295,axelsen603,,2024-10-29 03:39:10
17879486832172193,stevanus_widuri,Mak banteng agak laenğŸ˜‚,2024-10-29 03:39:11
18010262435453137,iamtutikkkkk94,Mohon maaf Ibu sudah sepuhh banget waktunya pensiun,2024-10-29 03:39:11
18012662183392554,zxyylv,@hipni000,2024-10-29 03:39:29
17933961002933748,sutrijaya_10,Sipaling disadap ğŸ˜,2024-10-29 03:39:32
18044834219016717,laseppzz,Ohh iya kan si nenek pake air sebaskom,2024-10-29 03:39:32
18006836567488055,thiolina_marpaung,Ampiunnnnn....pensiunlah bu ya,2024-10-29 03:39:34
18040359473165292,vinsmoke22_,Kok bisa orang ada yg se-PD ini,2024-10-29 03:39:45
18039941183325624,nevipuryansyah,,2024-10-29 03:39:48
18056380627718788,slimagaa_,oalah pantas tiap ceramah slalu nyeselin dia gatau komentar netizen wkwkwk,2024-10-29 03:40:04
18035176223254388,basyebanhamzah,Sptnya ibu ini sdh banyak ditinggalkan fansnya terutama generasi mudanya krn koment beliau yg sdh tdk relevan lg dg kondisi terkini & selalu kontra produktif.Pembisiknya sdh hrs diganti dg yg visioner...,2024-10-29 03:40:12
18041500681920049,ridwanbadrun17,Pake pager bu biar kaya di Lebanon,2024-10-29 03:40:22
18040357051963653,ernadiena9,Dia gak punya akun di sosmed karena takut dibullyğŸ˜‚,2024-10-29 03:40:37
18423827131076142,iam_indrias,ğŸ™„ğŸ™„ğŸ™„,2024-10-29 03:40:39
17969686427667195,widyadeandraa,"Sehat selalu ibu mega, bagaimanapun beliau anak bpk proklamator kemerdekaan indonesiağŸ‘",2024-10-29 03:40:51
17979560861773734,ronywalalangi,ğŸ˜‚,2024-10-29 03:40:55
18030086486121050,supriyanto_tok,Eeeealaaaah...... neneeeek....tapi baguslah bisa bikin ngakak...!,2024-10-29 03:40:57
18004828094497570,imaduddin_ar,ğŸ˜®,2024-10-29 03:41:03
17974600217684196,sendianjuniartha_,Buronan ya nek? Eh ğŸ™ˆ,2024-10-29 03:41:12
17869511508219169,amirjani13,ğŸ˜‚ğŸ˜‚,2024-10-29 03:41:14
18051820969767944,lenidisini,Nenek kok lucu ğŸ¤,2024-10-29 03:41:21
17865007035182372,dantersuprapto_chef,Gaptek dan jari kebesaran ğŸ˜‚,2024-10-29 03:41:25
18059198167664996,siswandi_saenan,Ibu penjaga Demokrasi.,2024-10-29 03:41:35
18021544754565051,burh_anche,,2024-10-29 03:41:36
17874210297124579,beckytamaa,iya,2024-10-29 03:41:48
17990132903726637,derry_ariawan,Udh waktunya nenek chio selamatin garaağŸ”¥,2024-10-29 03:42:05
18060740776750772,razqi_arfiyandi,,2024-10-29 03:42:08
18065767711633782,thxsinn,pickme dan NPD yg sudah mendarah daging,2024-10-29 03:42:11
18050883058942009,hunbunmelz,Si paling DISADAPğŸ˜‚,2024-10-29 03:42:34
18114403507417767,lita_amelia12,"Kirain yang bisa NPD cuma anak muda sama STW, ternyata nenek nenek juga yağŸ˜‚ğŸ˜‚ğŸ˜‚",2024-10-29 03:42:38
18011031266427461,abu_sabria,Sampun nggih mbah ti,2024-10-29 03:42:43
18044906252013316,pascal.trisnaldi,ğŸ˜‚ğŸ˜‚ğŸ˜‚ğŸ˜‚,2024-10-29 03:42:50
17959115852827006,bamz_henecia,Yg mau nyadap juga siapa lhoğŸ¤£ğŸ¤£ğŸ¤£,2024-10-29 03:42:51
18332310970145435,rcaesario,Hah?,2024-10-29 03:42:57
17972344526790335,heruputranto,"Mbah, kalo pertanyaannya dijawab dapat hadiah apa??",2024-10-29 03:43:14
17942386241909022,radhearandydia,"Beliau emang gak punya HP, tapi dia punya alat komunikasi lain : kadarnya",2024-10-29 03:43:25
17872594740206548,dimanjiro,Curiga kalo bu Mega selama ini punya kekuatan profesor X,2024-10-29 03:43:29
18120848272395190,amelialutfiah,ğŸ˜¢ğŸ˜¢ğŸ˜¢,2024-10-29 03:43:42
17943157172878846,citraanggidewi_,,2024-10-29 03:43:43
18258597244271848,chandra.maul,Bodo amat,2024-10-29 03:44:07
18008123546483264,abdullah.g.wibisono,Pake Morse aja bu,2024-10-29 03:44:31
18106057993431603,berhalanganhadir,Gaptek,2024-10-29 03:44:33
18037590752225159,adji55nt,Ped3 mamatğŸ˜‚,2024-10-29 03:44:34
18048152332973237,irfantalent12,ğŸ˜‚ğŸ˜‚,2024-10-29 03:44:50
18151746628331309,adnurzakia,ğŸ˜…ğŸ‘,2024-10-29 03:44:54
18037185755252146,bukanmaen369,,2024-10-29 03:45:00
18244655458263346,h4__45y,"Mau bilang gaptek dia, tqpi malu ğŸ˜‚",2024-10-29 03:45:02
17998676468521933,okkinawa_,,2024-10-29 03:45:32
18468779875014390,franko.187,Sok penting kasian.....ğŸ˜‚,2024-10-29 03:45:35
18065735323658058,myusuf_test,Iya Ga ada HP jd pk HT ajağŸ˜‚ğŸ˜‚ğŸ˜‚,2024-10-29 03:45:45
18077393470504962,caritasnew,Yg nyadap yooo sopo thoo Bu buğŸ˜‚,2024-10-29 03:45:50
18011038877645982,vithoap,Y,2024-10-29 03:45:52
17858141964278681,fufufafabocil,Untung ga download michat ğŸ—¿,2024-10-29 03:45:54
17957651222713262,sikerudung.hitam,Gaada lawan emang yang satu ini mah,2024-10-29 03:45:54
17856519192244635,xadamrawx,,2024-10-29 03:45:58
18067219027650288,anak___panah,"LEBIH CEPAT LEBIH BAIK dimasukin PANTI JOMPO ğŸ™ŠğŸ™‰ğŸ™ˆ sebelum seluruh dunia tau kita ""Indonesia"" jadi malu punya mantan Presiden stress ğŸ˜¬ğŸ˜³ğŸ‡®ğŸ‡© MERDEKA",2024-10-29 03:46:02
18050532283805206,anasmukhezin,ksian d khianati kaderny,2024-10-29 03:46:03
18147222379343843,antohonda_mobilkalteng07,"""BOHONG GAK PUNYA HP""",2024-10-29 03:46:04
18330650842197759,tetuko_damar,Seharusnya anda punya hp biar ga mudah menerima laporan dr para penjilat yg menjual namamu u/pilkada dan spy kamu tahu partai mu dan popularitas mu sdh meredup bercermin jgn asal ibu senang,2024-10-29 03:46:10
17933467022937778,chiliechilie02,IdihhğŸ˜‚,2024-10-29 03:46:13
18002377895672982,agus.ajl,Yes...,2024-10-29 03:46:21
17998787021703995,kalmasabdoni,,2024-10-29 03:46:35
18046206833015211,arista_widyahaningtyas,Ciehhh si paling terdholimi,2024-10-29 03:46:50
18042513310927527,joel_art8787,Iyalah....wong gk dapet sinyal karen satelit d jual,2024-10-29 03:46:54
18011780309410863,rina_biroe,EGP..ğŸ˜‚ğŸ˜‚,2024-10-29 03:46:59
17908018098045591,dhaniepink,Kalo engga ngapa2in kenapa takut disadap mak,2024-10-29 03:47:42
18052565350929804,ustadz_anggiwolf,dukun nya siapa sih,2024-10-29 03:47:48
18057863728835379,wijaya_decky,Pantesan ğŸ«¢ğŸ«¢ğŸ«¢ğŸ«¢,2024-10-29 03:47:53
18148365244337075,llesmanaaa,biar apa?,2024-10-29 03:48:10
18046353811999742,pujangakeseleo,Lebih Baik Makan Mie Sedaap Dr Pada Nyadap Emak Banteng ğŸ¤ŸğŸ» tetep Oposisi ğŸ¤ŸğŸ»,2024-10-29 03:48:23
18067668253653889,chouandre,GeRee ğŸ˜‚ğŸ˜‚ğŸ˜‚ğŸ˜‚ğŸ˜‚ğŸ˜‚,2024-10-29 03:48:23
17933503265942110,nosabachtiyar,Ngakak,2024-10-29 03:48:35
18064153777732431,rhe.archer,Pede banget anjay,2024-10-29 03:48:45
17933931158939719,terrajotun,Yang boong,2024-10-29 03:48:49
18013268267639548,halfofalf,pke HT aja buk,2024-10-29 03:48:49
17899583427083066,encunku096,ğŸ¤£ğŸ¤£ğŸ¤£,2024-10-29 03:49:05
18064722865678760,dha_sezha,ğŸ˜‚ğŸ˜‚ğŸ˜‚ğŸ˜‚ğŸ˜‚ğŸ˜‚ğŸ˜‚ğŸ˜‚ğŸ˜‚,2024-10-29 03:49:15
17921300390989492,dafiapriarso,Pfft,2024-10-29 03:49:36
18137958481323217,foodketos,"Saaaa aja , nek :))",2024-10-29 03:49:46
18257713396269345,yohanisti_ciming,Pake pager buğŸ˜‚ğŸ˜‚ğŸ˜‚ğŸ˜‚ğŸ˜‚ğŸ˜‚ğŸ˜‚ğŸ˜‚ğŸ˜‚,2024-10-29 03:49:52
17873239860214071,sudirmansandy,Pasti bang @dennysirregar nih yg suka sadap emaknya ğŸ˜‚,2024-10-29 03:50:13
18032400050087504,thoroknigth,"Selain pohon karet, dan aren apalagi yg di sadap.....ğŸ˜‚ğŸ˜‚ğŸ˜‚ğŸ˜‚ğŸ˜‚ğŸ˜‚",2024-10-29 03:50:24
18076328458513743,rezadensa,ğŸ˜‚,2024-10-29 03:50:40
18022957076614130,kaset.room,Keren banget Bu,2024-10-29 03:50:45
18043965377318679,syairusz.92,Usia Lanjut = Sialan,2024-10-29 03:50:53
18361656916185799,bow_hazard138,Bentar lagi meme nya banyak nh pasti ğŸ˜ğŸ˜,2024-10-29 03:50:55
18020505140621718,inkboz,"Oke, M.",2024-10-29 03:51:02
18039602620975078,fajartresnalesmana,"Bs jd disadap Krn anak buah ibu bermasalah, anak bermasalah masa ketum ga tau apa2,. Gitu pikir nya kpk",2024-10-29 03:51:07
18346154806122584,sibulsigem,kok saya pengen muntah ya apa karena hamil?,2024-10-29 03:51:08
18047051648055053,zi4ron4,Kagak percaya...ğŸ˜¢ğŸ˜¢ğŸ˜¢ğŸ˜¢,2024-10-29 03:51:32
18156220297325412,arindaperdana,Oh pohon karet,2024-10-29 03:51:49
18011580440647083,vdlito,"At that age I will be like her, pick me era can't stop meğŸ¤—",2024-10-29 03:51:57
18011300597422623,dedi.soegiarto,ğŸ˜Š........... ğŸ˜,2024-10-29 03:52:14
18205098931294105,masryanug,ooh pantes dia ngga tau kalo banyak yg gasuka ama dia ğŸ˜‚,2024-10-29 03:52:28
18059285791771530,rezki_rahmadhan,Wadidaw,2024-10-29 03:52:51
17971685582790384,arianti_putri,Orgil ğŸ˜‚,2024-10-29 03:53:03
18424062031075539,rudycraft666,"Puber ke 2, masa lagi lucu lucunya.",2024-10-29 03:53:35
17886810612125313,khairr2727,Bachot,2024-10-29 03:53:55
18115568173409363,hyocchi_,Yee. Si ibuk sok beken.,2024-10-29 03:53:56
18049914943956850,joo_cerdikiawan,"enggak punya hp, tapi punya kekuasaanğŸ”¥",2024-10-29 03:53:57
18024660926220133,neli_chiponk,Dihh GR  bgt sihhh ğŸ‘ğŸ‘ğŸ‘,2024-10-29 03:54:03
17999835188651024,purnomo_gendon,Lucu2nya seperti Amien rais lagi caperğŸ˜‚ğŸ˜‚ğŸ˜‚,2024-10-29 03:54:06
18055357552886491,lanlinlunlenlong,ğŸ˜‚,2024-10-29 03:54:38
18049461223807147,president.ri,punya banyak musuh kok bangga,2024-10-29 03:54:47
17887512333126347,freinds_cigars,MEMANG KALAU NGAK.ADA BUK MEGA NGAK RAMAI INDONESIAğŸ˜‚ğŸ˜‚,2024-10-29 03:54:56
18022167959275849,puspitairfan,ğŸ˜‚ğŸ˜‚ğŸ˜‚,2024-10-29 03:55:01
18036356486246524,bowie_thegreat,ğŸ”¥ğŸ”¥ğŸ”¥,2024-10-29 03:55:01
18014891840357284,alvingery_,Hp nya di simpan di pusat gadai dulu ya omaaa ..,2024-10-29 03:55:26
18119528848396333,rzqy_90s,dih,2024-10-29 03:55:39
18017683901330212,intansyifa_,"Wkwkwkwk cape sama si pemungut gorong"" ğŸ˜¢",2024-10-29 03:55:41
18290298412228697,poylifestyle,Bokap gw juga ga pake HP,2024-10-29 03:55:57
18058266109833474,iskandarasep,"harusnya klo senior ngomongnya yg positif2 aja jgn nyenggol sana sini, netizen pun jadi ilfil nantinya",2024-10-29 03:56:06
17943220307877275,iimzcahaya,Pede banget nek ...,2024-10-29 03:56:09
17867589870237459,oktoriani_hermawan,Atur aja lah Bu ğŸ˜¢,2024-10-29 03:56:20
17979125378780347,ashry.rizqan,ğŸ˜‚ğŸ˜‚ğŸ˜‚,2024-10-29 03:56:43
18324369799153641,sahabatganjarsrg,Kalian percaya?,2024-10-29 03:56:54
18060983893694202,_mihza.11,Siap nek,2024-10-29 03:57:05
18004026590504077,egy_px,Dasar nini niniğŸ˜‚,2024-10-29 03:57:15
18004699607661408,ando_sitinjak_83,Dan peserta acara ini hanya bisa tertawa karir mendengar pimpinan standup,2024-10-29 03:57:21
18106871404434748,ratihn05,hah?,2024-10-29 03:57:25
17865545061245676,atiqohraisani,Aquarius emang ya senarsis itu...ah  uti Mega bisa aja brcandanya,2024-10-29 03:57:33
18040447654964978,davidmanggalaputra_,Wkwkwkwk banyakan makan daun talas ini nenek2ğŸ˜‚,2024-10-29 03:57:33
17849591697325033,gigihrahadiansyah,"Bu mega, liat mama",2024-10-29 03:57:59
18273014959217823,racheel_ap,"Xiaomi murah bu, ada yg 1jtan",2024-10-29 03:58:03
18097581118467749,rin__rinaa,Akibat dia munculah Mulyono si perusakk demokrasi,2024-10-29 03:58:05
17965365830683554,qrst_iko,ğŸ˜­ğŸ˜­ğŸ˜­capek ngakakğŸ˜‚,2024-10-29 03:58:08
18035262326214639,obert_moestangin3007,Iyain ajah udah daripada tantrum ğŸ˜‚ğŸ˜‚,2024-10-29 03:58:18
17910271941039636,aryodipo05,"Selalu dan Selalu Kesombongan dan Jumawa yang dia ucapkan dan dia Peragakan, Dasar NenekÂ² Kemlinthi...?!! ğŸ¤­ğŸ™„ğŸ¤£ğŸ¤£ğŸ¤£ğŸ‘ğŸ‘ğŸ‘",2024-10-29 03:58:21
18003447890671864,milenka_meda,Tak bantal.. Gawenen aku turu penak,2024-10-29 03:58:22
18052882342744400,yuditiyoo,Gr,2024-10-29 03:58:27
18308437366167486,bagus.fs123,Can't word word,2024-10-29 03:58:53
17883420303139367,hai.ayuun,Gw gabisa bayangin pny mertua kek diağŸ˜¢,2024-10-29 03:59:06
18468219457028890,annisautam,Apalah nenek tsunade ini,2024-10-29 03:59:35
18036476303336401,bisoroana,,2024-10-29 03:59:43
18027315140526540,ilhamsukamesin,Tapi ibu suka nyadap yg lain,2024-10-29 03:59:46
18061420066701421,creativeadsss,Mamak ğŸ”¥,2024-10-29 03:59:52
18354864007136154,hartyoooo,â¤ï¸â¤ï¸â¤ï¸â¤ï¸,2024-10-29 03:59:53
17870346693146351,bambang.surya.92754,ğŸ‘saya percaya ibu lebih banyak di sadap karena ga jual bumbu penyedap. Hehe,2024-10-29 04:00:00
18073123576590467,karyadi.oke24,Piye iki minnnn... kok soyo nemen .. judule wong lorroo wegah sontik,2024-10-29 04:00:21
18345108421120761,riza_rizki23,"Tidur nek,istrht",2024-10-29 04:00:35
18096880855479218,orisaykoi,Sudah biasa dan akan terus PENYADAPAN ITU DILAKUKAN DI POHON AREN dan ataupun KARET!!,2024-10-29 04:00:50
18046780729990635,hasto_ky,@ilhammuhtar11,2024-10-29 04:01:08
18060737593762926,wsnr.co,Bu dhe ğŸ™Œ,2024-10-29 04:01:10
18059885137826753,supr.iyadi856,GR Bu.ğŸ˜‚ğŸ˜‚ğŸ˜‚ğŸ˜‚,2024-10-29 04:01:18
18063836686735819,ddestriana,Yang nyadap dia please gak ada kerjaan ğŸ˜­ğŸ˜­,2024-10-29 04:01:51
18306323887163431,hansenyudha,Nenek nenek pick meğŸ¦¶ğŸ»,2024-10-29 04:01:58
17855834937293985,mommy_ramal,ğŸ˜‚,2024-10-29 04:02:01
18038288693224038,irvan_prasetya999,,2024-10-29 04:02:19
17954984240836346,reynand99_,"Maklum ges, orang tua emang suka kaya gituğŸ˜‚",2024-10-29 04:02:41
18043283879320682,aditia_pratama_a,Wkwkwkwkwkwkwkwkwkwkwkwkwkwkwk,2024-10-29 04:03:02
17918471802001182,budiagungarisanto,Saatnya pdip berubah berfikir positip dan membangun negara..saatnya tinggalkan nenek2 ganti yg berfikir positip dan maju,2024-10-29 04:03:04
18338263108179470,lazy__ale,Klo mau manggil orang gmn? Lewat cakrabirawa?,2024-10-29 04:03:09
18040813045942640,adiriyanto11,@redbullracing ğŸ”¥ğŸ”¥ğŸ”¥,2024-10-29 04:03:13
18056868778721276,sandysnn,Pantes kudet,2024-10-29 04:03:13
18044265212027048,widyantoro161,Gak berguna ğŸ˜¢,2024-10-29 04:03:27
17998225712698548,andrew_setia24,Di atas presiden masih ada bu MegağŸ˜»ğŸ’ªğŸ»,2024-10-29 04:03:31
17900104275007969,carnarvon_nebkheperure,,2024-10-29 04:03:56
18060558838747908,guntur0912,Emang lagi lucu2nya,2024-10-29 04:04:05
18081152857549593,gabrielarto,Mungkin beliau memakai kaca benggala untuk berkomunikasi,2024-10-29 04:04:08
18348051208193455,kangdan889,Semakin ngelantur. Kasihan.,2024-10-29 04:04:17
17881198389155463,dionsihotang1987,Berisik Mbah putri ini ğŸ˜‚ğŸ˜‚,2024-10-29 04:04:19
18019416923564396,gstalaohu07,Ngaur ğŸ˜‚,2024-10-29 04:04:34
17882123751149711,acbart_photography,ğŸ¤£ğŸ¤£ğŸ¤£ğŸ¤£,2024-10-29 04:04:39
18048378286971360,itafarfed,Bnyak masalah dlm.privasiğŸ˜‚,2024-10-29 04:04:56
17901419534982526,inatori1865,Keren Buâ€¦,2024-10-29 04:05:07
18044122964106097,authoriq,Pick me,2024-10-29 04:05:07
18012036584408654,dahliamekartahan21,Ya udah bu mega kita momong cucu aja lebih tenang biar yg masih mampu mengurus negara kita berdoa mohon negara tetap aman ....seru lho bu main ama cucu mrk lucu dan tulus ga bs bersandiwara dan mrk ga punya partai...â¤ï¸â¤ï¸,2024-10-29 04:05:08
17970406958660133,toci_,Yang paling banyak disadap adalah karet,2024-10-29 04:05:13
18062504116742176,itafarfed,Ketua partai.yg di khianatiğŸ˜‚,2024-10-29 04:05:21
18010446542439602,official_gondess,"Itu Kata Mantan Presiden Yang Tidak Dipilih Rakyat Secara Langsung, kasihan sekali",2024-10-29 04:05:44
18045647621022150,partofnabile,Org ngesadap apa gangerti pake hp puh sepuh,2024-10-29 04:05:47
18056558350854986,herdianes.heri,Tpi kan ibu ada asisten. Mau bayar makan tinggal suruh. Mau nonton YT tinggal minta bukain. Gak mungkin kan ibu isi token listrik sambil liat HPğŸ˜‚,2024-10-29 04:05:56
18076405528566397,hsnadr7,Haaluuuuuu.....,2024-10-29 04:06:01
18067181875635095,mysf_6515,paling sering dihina sih ğŸ˜‚,2024-10-29 04:07:04
18068400601563831,sangsas_dj,Diiyain aja sebelum beliau .....,2024-10-29 04:07:07
18086301277515788,iqrom_hamdani,Nek.....udah nek.,2024-10-29 04:07:14
18049161772962201,setiyawantulus,Ingat umur yaaa,2024-10-29 04:07:22
17956195442726407,wahh_id,Queen of redbullğŸ¤™,2024-10-29 04:07:27
18023548487448487,abebbbhq,Orang kalo dah tua gini sk lutjuğŸ˜­,2024-10-29 04:07:27
18038480054268558,agung_cristiano,Terus pake HT gitu?,2024-10-29 04:07:30
17931357413956435,birongmotorsport,Bakso bakso,2024-10-29 04:07:44
18035761577249639,lestari_rinie,Iye dah ğŸ˜‚,2024-10-29 04:08:03
18042355315911821,dimasjackicau,"Miris skali, sekelas ex presiden ga punya hape ğŸ˜¢",2024-10-29 04:08:04
18044199359488196,rizkyfeeds,Pakenya pager kan?,2024-10-29 04:08:25
18044112479117089,meigui.08,ati ati dipasang bomb kayak dek lebanon bu,2024-10-29 04:08:32
17914064180917493,rororizka_,Sape nyang mau lagian nyadap hape bude?! ğŸ˜‚,2024-10-29 04:08:46
18283074022211310,murry.bass,Kan banyak mata2 walaupun ga pnya yaa ga bakalan tenang hidupnya.ğŸ˜‚,2024-10-29 04:08:49
17878384434174816,eleazar_rinii,Serah lu be,2024-10-29 04:09:17
18045265163297218,rid_want,waah kereen,2024-10-29 04:09:29
18125835205376765,h._ulah_77,Orang paling penting di negara ini  ya beliau ini,2024-10-29 04:09:39
18062686708702528,ha1omoan_sihombing,Beliau Tetap Menyala sampai saat ini tanpa bantuan Pencitraan di Sosial Media ğŸ”¥ğŸ”¥ğŸ”¥ Salute,2024-10-29 04:10:24
18245567518302649,noviarestp,SiapğŸ™Œ,2024-10-29 04:10:28
18085604779508361,initomi__,Mulai wong cilik nya ğŸ˜‚,2024-10-29 04:10:49
17920706954993116,srahmandian,Bedanya terpilih dan menggeser yah begitulah...,2024-10-29 04:11:03
18040257479171799,imam.nirwansyah,Enggak selesai nih orang norak-nyağŸ˜‚,2024-10-29 04:11:34
18026187986194476,ghibran.1982,Sok paling dicari.. si paling playing victim,2024-10-29 04:11:36
17935380155816906,auliasnj,Dihhh,2024-10-29 04:12:50
18374602099105460,mochlechan,ğŸ˜‚ğŸ˜‚ğŸ˜‚ğŸ˜‚ğŸ˜‚ğŸ˜‚ğŸ˜‚,2024-10-29 04:12:59
18076187359574425,nano_s_magfur,Anak2nya cucu2nya ga ada yg bisa gantiin atau ga berani gantiin jd ketum ???,2024-10-29 04:13:14
17949884012755965,mayor_laut_alrie,Adu kuat aja Mi....tuntut Mulyono...di semua pengadilan negeri....beberkan kejahatannya.....,2024-10-29 04:13:22
18021385802560897,rfharahap20,Iya mbah iya ğŸ˜‚ğŸ˜‚ğŸ˜‚ğŸ˜‚ğŸ˜‚ğŸ˜‚ğŸ˜‚ğŸ˜‚,2024-10-29 04:13:40
18074727565582800,gookky168,"Bosen bu, drama nya ga menarik, gitu2 mulu yg diomongin ğŸ˜‚",2024-10-29 04:13:42
17991324950566076,aderana33,Mungkin ibu ini mengira dirinya pohon karet,2024-10-29 04:14:09
18060916537701441,firman_sp1,"Ketum paling populer, setiap ngomong pasti viral ğŸ¤£",2024-10-29 04:14:14
18046262086864045,firstsolutions.id,"Serius nanya, ini udah termasuk ciri orang NPD bukan yaa?ğŸ˜®",2024-10-29 04:14:21
18034051331201215,m_zulfikri2604,KocakğŸ˜‚,2024-10-29 04:14:29
18065561911658832,megawatishasya,"aku punya 2 HP, umma mega di jepang mamanya ritsuki jg pnya hp, megtron di korea jg pnya hp.",2024-10-29 04:14:29
18067772995635603,harry_setiana,"Biasa kawan makin tua makin kayak anak-anak ngomongnya, suka ngelantur jadi maklumin aja!ğŸ˜ğŸ˜",2024-10-29 04:14:46
18006174308668478,muhammad_han14,Nek udh pensiun aja km berkebun tanam bunga aja istirahat,2024-10-29 04:15:07
18071461999610446,sentanuyoga,ğŸ˜‚,2024-10-29 04:15:14
18143517472350547,amirah_maksum,Ppakei pejer aja bu,2024-10-29 04:15:23
18024265940239501,bhoomiart.id,Nenek nenek pick me,2024-10-29 04:15:40
18336091879176255,irwan_sant,"Roda berputar nek, wktu nya nenek istirahat",2024-10-29 04:15:56
18040172645130724,firman_mjrealty,Hahahaa,2024-10-29 04:16:12
18085217518518198,rayapray,"Dia bilang ahok adian ga boleh ngomong sembarang di media, dia sendiri kalo ngomong suka sedikit haluu",2024-10-29 04:16:40
17922045512992159,oviekrinaldi,ğŸ˜‚ğŸ˜‚ğŸ˜‚ğŸ˜‚ğŸ˜‚,2024-10-29 04:16:54
17853396771263558,chaerultamimmm,ğŸ˜¢,2024-10-29 04:17:06
17906677938046561,helkin_bactiar,Di sadap mirip pohon karet saja ğŸ˜ğŸ¤­,2024-10-29 04:17:14
17913821559010615,_rifqiannur.id,"iya loh, keren banget malah ğŸ¥´",2024-10-29 04:17:20
18116540995411292,an.war5376,Egp,2024-10-29 04:17:48
18060513763650494,dianmustikahapsari,"Iya bu iya, maklum kok",2024-10-29 04:18:04
18032152844365324,kaya_ris,ğŸ˜‚ğŸ˜‚ğŸ˜‚ğŸ˜‚,2024-10-29 04:18:06
18037393706238044,raraurorarsy,"Tapi ada benernya juga sih, tapi satu sisi NPD juga sih, tapi memang Beliau bukan kaleng-kaleng sih. Jadi potensi dari 2 sisi bisa aja.",2024-10-29 04:18:15
18368906230119901,arin_setiani,Karepmu loo,2024-10-29 04:18:15
18030804680589384,meiprc,Pake blackberry makanyaaa wakkkkkk,2024-10-29 04:18:21
18048472135961894,orowraw,Real NPD,2024-10-29 04:18:24
18048231574982131,munafadi,"Disadap GK perlu HP, nyusupin agen ke dalam tubuh partai seperti yg dilakukan Elli Cohen ke pemerintah Suriah  udh cukup kok ğŸ‘ŒğŸ˜‰",2024-10-29 04:19:39
18380633089099843,kios_ohoy,HayOoo KemBali Ke UUD45 yg AsLi TaNPa AMANDEMEN .....,2024-10-29 04:20:07
18286830133237706,krishn4a_,ngomong opo seh mak banteng,2024-10-29 04:20:13
17859220797223015,dfmnmhn,"Hukum karma dosa-dosa politik Bung Karno dulu riil kyknya ye @youthee_boo. Lucu-lucu keturunannya. Ke comrade-nya, ke seniman manifesto kebudayaan, ke PRRI Permesta yg dibantai, ke rakyat Aceh yg ditipu.",2024-10-29 04:20:18
18359111701138925,cinddra_,Tangany banyak ğŸ™Œ yg paham aja,2024-10-29 04:20:29
18160497988320960,diq139,"Paling suka sama semangat ibu mega ,terima kasih bu tlah menjaga negeri ini",2024-10-29 04:20:36
18047752664061847,agung_sutirto22,Pakai mata batin kaya dukun sekarang anda ğŸ˜‚ğŸ˜‚ğŸ˜‚,2024-10-29 04:20:51
18036364184016991,yoshua_dasociety27,James Bond Itu punya hp bu bu. ğŸ˜‚ğŸ˜‚ğŸ˜‚ğŸ˜‚,2024-10-29 04:21:04
18349127593192604,rezampret_,Pede bgt lu nenek nenek,2024-10-29 04:21:25
18284466865235161,ms.dellazhu,Bu mega pasti gatau kan kalo flash sale 10.10ğŸ˜‚ğŸ˜‚ğŸ˜‚ğŸ˜‚,2024-10-29 04:21:56
17958508880828576,einstein2635,Gaya  banget se nenek ğŸ˜‚,2024-10-29 04:22:15
18045663146035134,prabawantibudiah,Mbah uti ğŸ˜­,2024-10-29 04:22:18
18019731536540697,rijal_artur_,Apa juga yg mau disadap dr elu,2024-10-29 04:22:22
18012978728392226,nada_marcha,Siap si paling disadap,2024-10-29 04:22:42
18012407834391624,uregamp,kerennn,2024-10-29 04:22:47
18302922505204888,thezendya,Pkek merpati,2024-10-29 04:22:57
18021065648289057,ajifatroni17,"Bukan nenek"" namanya kalau ga bikin statment nyelenehğŸ˜‚",2024-10-29 04:22:59
18246418303277560,antoniusyuwono,Kena dechğŸ¤­,2024-10-29 04:24:06
18038480780190727,nugrohowakhid_,Keren pokoknya se indonesia paling keren bu ğŸ™ŒğŸ™ŒğŸ”¥ğŸ”¥ğŸ”¥,2024-10-29 04:24:37
18057005512871403,semmkom007,"Make sense , lebih baik org seperti beliau dan para kritikus negri ini , yg independen dan berdasarkan fakta lapangan , buka editan kementrian , pakai we chat atau telegram aja , no WA",2024-10-29 04:24:48
17851556601320900,bukitmartabak,Sak karep mu wis mbah,2024-10-29 04:24:58
18056410600715424,bagusfirmansyahputra,Wajar pak mul pasti ingin tahu lah,2024-10-29 04:25:09
17917504230005826,pogot02,"Tunjukin siapa yg nyadap bu, kl kpk, polisi ato kejaksaan ya gak maslaah. Krn ibu orang paling berpotensi intuk KKN",2024-10-29 04:25:17
17883682401137685,fanny_geo,Opo iyo si,2024-10-29 04:25:22
17926118732966927,eri_yadis,"Iya in aja, ğŸ˜‚",2024-10-29 04:25:25
18065247229660685,primayudiya,ğŸ˜‚,2024-10-29 04:25:36
18061759468704234,mr_yansa88,Nenek ini skg pakai telepati ğŸ˜‚,2024-10-29 04:25:41
17887625265121483,ganjamologi,Udah cukup nek.. sekarang kembali ke tempat tidur,2024-10-29 04:25:49
18326760697156635,mulyanayana081072,â€œ Ibu Kandung Jokowow â€¦ ğŸ˜‚ğŸ˜‚ğŸ˜‚,2024-10-29 04:26:28
18359187463188306,semmkom007,"Belia menciptakan monster politik dan penghancur tambang dan mineral kita , juga menghancurkan demokrasi , dimusuhin skrng pula oleh parpol lain , mending pake we chat dan telegram aja Oma",2024-10-29 04:26:34
17878788564173275,indraboys,Tambah tuwek tambah lucu mbah iki...ğŸ˜‚ğŸ˜‚,2024-10-29 04:26:48
18068091646714113,maja_taroreh,Makin kesini makin kesana nih nenek2 ğŸ˜‚,2024-10-29 04:27:03
18044350031286212,muhammad_zain511,"Buk, buktikan dulu baru kami percaya.
Jgn seperti Hasto, ya, Bu! Suka ngeHoax",2024-10-29 04:27:32
18051805225758200,siaplapanam,Asli lucu banget mbahhh ini wkkw,2024-10-29 04:28:08
18043023377493580,rinaaksan,ğŸ˜‚ğŸ˜‚ğŸ˜‚ğŸ˜‚ğŸ˜‚ğŸ˜‚ pengen ketawa takut dosa....ğŸ˜‚ğŸ˜‚ğŸ˜‚ğŸ˜‚,2024-10-29 04:28:22
17898720282077032,bamby_tjahjadi,Hahahuhu,2024-10-29 04:28:32
18046899368005792,rais_amri99.stpl,"Preeeet, iya lah kerna lu takut percakapan lu dengan segala niat jelek itu terbongkar.  Klw gak ada salah mah biasa aja..ğŸ˜‚",2024-10-29 04:29:21
17965005437683437,mygummycandy,gileeeeee,2024-10-29 04:29:24
17843117004347060,mas_skip,"Cocok buat sinetron ini karakter pas, tua nya pas, gaya nya pas, semua pas pasan..",2024-10-29 04:29:34
17961498149821506,rriiz_n,Apa iya ga punya hp,2024-10-29 04:29:56
18104492482447546,sejalanseaspal,prett,2024-10-29 04:30:01
17972631347792414,secondbranded.since2015,Kasian deh kalo gak ada......ğŸ˜‚ğŸ˜‚ğŸ˜‚,2024-10-29 04:30:29
17935858292936474,asepsuhendar963,"Ma'lumin aja ya,lagi puber ke dua .. kasihan ya tanpa Jokowi ğŸ˜¢",2024-10-29 04:30:43
17937010712796864,muthiahalhasany,Gaptek keles ğŸ˜‚,2024-10-29 04:30:45
18046118156059242,oded565,"Bu baiknya perbanyak zikir..taubat Bu..mnding siapin ""bekal"" kelak...umur gk ada yg tau lho bu",2024-10-29 04:30:51
18041679826904182,jaesyi_m_hasan,Jamesbond = JAga MESjid dan keBOND,2024-10-29 04:30:58
17981437190773493,aldi.reza08,takut banget ğŸ˜‚ğŸ˜‚ğŸ˜‚,2024-10-29 04:31:01
17923192028986946,1pin____,"Dia gk butuh Hp, Dia udh punya Haki Tingkat Advance ğŸ”¥",2024-10-29 04:31:16
17913761645993542,shegiejazz,Bukan disadab nek tapi buat hubungi ....supaya jgn lupa minum obat rematik sama obat  asam lambung ...,2024-10-29 04:31:27
17875714626189107,ayunkjonie,Mangkin tua mangkin lucu,2024-10-29 04:31:50
18423904600076873,sy_amhier,PDnya sangat PDIP.,2024-10-29 04:32:14
18014942042634153,wahwoy,Sekali ngomong... bikin mulesğŸ˜‚,2024-10-29 04:32:55
18061254157751676,btv9791,"BruakakakağŸ˜‚. Ada urusan apa cia, m16 dan mossad nyadap ketua umum pdip ? ğŸ˜‚",2024-10-29 04:33:10
17955154013839739,azkaputra4175,ğŸ˜‚ mulai berulah,2024-10-29 04:33:11
17847429756309455,radditya_123,Bodoamat,2024-10-29 04:34:01
17977641902786333,amaliareni15,Apa sieğŸ¤£,2024-10-29 04:34:02
18318896563080551,fikiardiyansyah_2828,Pede sekali anjirrrrr,2024-10-29 04:34:06
17871528975208388,idyraa,bukan NPD sih tp emg beliau tuh saat ini megang banyak hal.,2024-10-29 04:34:17
18024497627604823,dendhiyoanda,Pede amat bu ğŸ¤£,2024-10-29 04:34:52
18357428878187199,mrs.niey_,Paling apaaaa?????ğŸ˜‚ğŸ˜‚,2024-10-29 04:35:10
17900854410066608,big_fatmeow,Siapa yg nyadap hp nene2 macam dia??ğŸ˜‚ Demi apa nyadap hp nene uzur ?? Sok keren kali ğŸ¤£,2024-10-29 04:35:42
17988613751587873,sherly_mustikasari,Pohon Karet x akh di sadap wkwk,2024-10-29 04:35:48
18103791625448701,tapasyaaahh,aihhhh pedenyaaaa ibukkkğŸ˜‚,2024-10-29 04:36:11
17925400379867200,manusia_kardoez,@megakevinrara  Lo disadap nggkğŸ˜‚ğŸ˜‚,2024-10-29 04:36:56
18015130667368528,clarasharoon,Perasaan mu aja itu bu,2024-10-29 04:37:33
18462556771007335,iqbaelmuhamad,Pick me,2024-10-29 04:37:44
18318971596081960,narpati__,galery hape paling isinya ss resep kekinian,2024-10-29 04:38:04
18059813413826656,pewwwpie_,IWH,2024-10-29 04:38:38
17853109920313742,firman_albadzil,ikut era flinstone oma mega...ğŸ‘,2024-10-29 04:38:49
18016954091631135,roriprinting,Skali muncul nggeregetno buls.. Skip,2024-10-29 04:39:38
18054412018736874,rckystts,Iya nek ğŸ˜‚,2024-10-29 04:40:28
18050748832939229,notosusanto_85,Halu,2024-10-29 04:40:29
18330827950151113,juitmr_,Naj*s,2024-10-29 04:41:04
17955493670728523,yogi.agr_,Saya jual satelit lohh..,2024-10-29 04:41:14
18043860236025259,muzamilputra,Nelpon anaknya pasti pake telpon kaleng ğŸ—¿,2024-10-29 04:41:31
17940226007793365,ujimartandahutaxoitz,Saya tak percaya,2024-10-29 04:41:48
18023960408447363,ryamilanca,Lawak ğŸ˜‚ Pede bgt bu,2024-10-29 04:42:09
18204281548290920,krriiss28,"Yang nyadap omongannya brarti anak, sekjen, org dekat dan mereka menjualnya ke lawanğŸ˜‚ğŸ˜‚",2024-10-29 04:42:11
17893788735017997,kielconstantin,Bentar lagi masuk kedalem tanah,2024-10-29 04:42:33
18027154070595427,teten_sutendi08,Mauu ktawa tapi ini old skul nanti durhaka ğŸ˜¢,2024-10-29 04:42:36
18042019303910712,syarif.harisson,mending nyadap karet deh...,2024-10-29 04:42:46
18344847040135657,yoikisoni,Gpp. Hak sampeyan kok.,2024-10-29 04:43:02
17993068832708218,dani_siniar,kerennğŸ˜,2024-10-29 04:43:09
18124952725378281,jakaendank,Nek kok merasa paling banget yağŸ˜‚,2024-10-29 04:43:15
17853466299265059,rahmadhidayat79un,ğŸ«¡ğŸ‡®ğŸ‡© megachan GK perlu smartphone karena udah bisa pake indra ke enam,2024-10-29 04:43:25
18279499816174635,tyo.sbs,"ga pake hape pakenya HT, walkie talki, kijang satu kita harus counter si owi biar banteng tetep eksis",2024-10-29 04:43:33
18056751280869259,sattoraji,"Maaf nih bu, maaf banget... baiknya semua pengurus partai juga jangan pakai HP, pakai pager aja. Ibunya gak disadap, tp kanan, kiri, depan, belakang bocor, ya sama aja.",2024-10-29 04:44:01
18044669714107247,niaaanrs,yah kasian nenek gabisa liat tiktok,2024-10-29 04:44:03
18048517777975778,dinarinu,Iyain aja guys,2024-10-29 04:44:52
18048311125948878,odn190,Lebay ente Ga,2024-10-29 04:44:58
18032745377360332,mitsubishisbyutara,"PROMO HARGA MOBIL MITSUBISHI SURABAYA

Promo bulan ini :
* TDP mulai 15% / Bisa menyesuaiakan budget customer ( DP/Angsran )
*Suku bunga murah
*Proses mudah dan cepat, dbntu sampai acc
*Full bonus
*Diskon besar
*Unit Ready stock
*Melayani seluruh wilayah Jatim",2024-10-29 04:45:07
18075952084575020,dinaanvr,"Strawberry mangga emping, sorry ga penting",2024-10-29 04:45:07
17944625156903006,kamalfdhil,kalau punya hp kayak fafafufu nantii ğŸ˜‚,2024-10-29 04:45:09
17942988803910714,fx_abomy,halu,2024-10-29 04:45:10
18035001347261170,henkihalim,Makane keok,2024-10-29 04:45:45
18020018516624697,bey.ubeyy,Pick me,2024-10-29 04:45:52
18042010790145283,yogaspranataa,Kepedean nya ga pernah ilang,2024-10-29 04:45:56
17925929303969931,pamor_aji,"Komunikasinya pakai sonar, sekalian bisa ngukur kedalaman laut",2024-10-29 04:46:02
18167647732315126,frzze_1,Aahahahahha ğŸ«£ğŸ‘,2024-10-29 04:46:05
18168723508312794,ananda_177,Wih keren banget Bu ğŸ‘,2024-10-29 04:46:06
17973138248649288,novri2,Kaya sinetron... banyak Dramanya seolah-olah paling yg tersakiti..,2024-10-29 04:46:30
18027136916182382,bisaaja52,James bon (jage mesjid ame kebon),2024-10-29 04:46:32
17980598846765185,xjankrikx,Minimal Hp Nexian lah bu....,2024-10-29 04:46:36
17918658884898060,ocamar_,Ngakak refleks banget ğŸ˜­ğŸ˜­ğŸ¤­ğŸ¤­ğŸ˜‚ğŸ¤£ğŸ¤£ğŸ¤£,2024-10-29 04:46:54
18036756200332696,weeweehwi,Akupun bersorak lompat kegirangan... Tapi kuterjatuh dari kursi goyang... Kiranya ku mimpi uuhhh... Jadi ratu James Bond semalam...ğŸ˜±,2024-10-29 04:47:05
18029074064124166,irvantiarr,Gumush,2024-10-29 04:47:14
18153236620334331,anto.an_,pick me grandma,2024-10-29 04:47:15
18074641297584505,wahyunugrohoblocked,Padahal bukan presiden lagi ğŸ¤£,2024-10-29 04:47:19
18086696725508063,yudha.tralala,Si paling,2024-10-29 04:48:30
18113321266411058,04_maul,Nanya sendiri Jawab Sendiri kah?,2024-10-29 04:48:50
18029658713145049,ockynih,Yah gara2 kelakuan ibu sendiri itu. Klo masih ada Alm. Bapak ibu udah di omelin terus sih ğŸ˜‚,2024-10-29 04:49:02
18022336265573660,boncesugesti,ğŸ˜‚,2024-10-29 04:49:04
18100651930415942,ah.juanda,ğŸ˜‚,2024-10-29 04:49:04
18009114899653522,verypetulantdinosaur,,2024-10-29 04:49:06
17938002956917793,kornelius_12,Kepedean,2024-10-29 04:49:10
18086784838509103,edyirawan666,Ok mbah  menyalaa terusğŸ”¥ğŸ”¥ğŸ”¥,2024-10-29 04:49:47
17870382198145018,syswanto.hady,sadap KARET kaleee,2024-10-29 04:50:01
18346396516193997,saeful_husna_,ğŸ˜‚ğŸ˜‚ğŸ˜‚ğŸ˜‚ğŸ˜‚ sok penting,2024-10-29 04:50:37
18066284617641265,wbaryawan,"Pede amat, bilang aja gk tau cara pakainya",2024-10-29 04:50:51
18025413245406696,liliek_lingling,Kepedean,2024-10-29 04:50:58
18035012990047332,putra69x3,Bu saya mohon jng smpai Bu kaya Amien rais loh ğŸ˜‚ğŸ˜‚ğŸ˜‚ğŸ˜‚,2024-10-29 04:51:20
18245914834276106,andriyadi.andri.52,Mang KLO udh nenek2 semakin hari semakin lucu tingkahnya,2024-10-29 04:51:24
18117127363404492,mr.integrity7,Loh org anda di BIN kmrn gak info?,2024-10-29 04:51:39
18072815002587903,dita_yunis24,nama gw sama lg blkngnyağŸ¥¹,2024-10-29 04:52:15
18045289604091457,gibran_gundul,Pede amat,2024-10-29 04:53:18
18004228949667077,diangm87,"Curhat wae,,,",2024-10-29 04:53:26
17979244094781049,inthul,Ada sengkuni yg pengen ibu dan partai pdip tenggelam pake intel2 untouchable,2024-10-29 04:53:32
18010347983445417,nopexranggamone,Ngomongggg opooo kiiiii,2024-10-29 04:54:03
18337442890177012,vincentiusdyc,Umur segitu emang lagi lucu lucunya,2024-10-29 04:54:14
17985354584604013,presidenswasta,Mau main james bond james bond an ğŸ”¥,2024-10-29 04:54:45
18010700606460763,king_fatih_99,Nenek lampir,2024-10-29 04:55:00
18034819106255115,nanymaicang,Pd amat,2024-10-29 04:55:01
18064809934729978,hanii.imut,GeEr ibu nih...,2024-10-29 04:56:16
17937295436798265,lyfe.exe,Pd bgt bun ğŸ˜,2024-10-29 04:56:21
17856555627240008,reftox,"Intelijen menyadap tak perlu hp atau piranti elektomagnetik apa pun, cukup memetakan karakter suaranya sudah cukup untuk mengintersep ke dinding yang patut diduga asal-muasal suara tsbğŸ˜„",2024-10-29 04:56:49
18081012502527385,novia_deel,"Tuh kan, akhirnya jadi senjata makan tuan, akhir2 ini aja malah sering curhat, klo gitu berarti nenek banteng lg gak nyaman nih",2024-10-29 04:56:56
18025948289411566,alexkastaro,"Karena bu meg, dulu MK mengubah UU yg sebelumnya syarat menjadi presiden minimal S1, berubah minimal sma",2024-10-29 04:57:00
18081053128541394,whadhtyia,Iya bu iya,2024-10-29 04:57:43
17907355659028335,yolanovitasarii,Npd,2024-10-29 04:57:53
17889145734106186,khalisa_ar,Moso,2024-10-29 04:58:13
18019620110561808,tri_rismana007,keren bgt to yooooğŸ˜‚,2024-10-29 04:58:42
18452427604064097,nurali_1097,Dia ngapain,2024-10-29 04:59:01
18041650288917622,roisinaga,"Tapi James Bond punya HP, ribuâ€¦",2024-10-29 04:59:30
18034901462263504,arisky_wp,,2024-10-29 05:00:01
18134884120365101,al.xibarani,Mungkin oknum pinjol atau judolğŸ˜‚ğŸ˜‚ğŸ˜‚,2024-10-29 05:00:23
18053349925906142,tj0hanm,Pohon karet kali disadap ğŸ˜‚,2024-10-29 05:00:35
18066434215651173,deniayu.id,ğŸ˜‚,2024-10-29 05:00:35
17996583194529430,alzaidan6758,Emang nya gw peduluğŸ”¥ğŸ”¥ğŸ”¥ğŸ”¥,2024-10-29 05:00:37
18151390837336612,andrian_millian.o,........,2024-10-29 05:00:38
18186250177306369,meiigha7,Ke PD an ğŸ˜¢,2024-10-29 05:01:17
18282016432214389,bandung.new_property,Beri tepuk gemuruh ....,2024-10-29 05:01:27
18445008418070703,dustydustpink,makin lucu se mbahhhğŸ˜‚,2024-10-29 05:01:40
18268609036247686,siregaranisya,Asikkk pake merpati pos ya bu?,2024-10-29 05:02:11
18042741760926002,pakde_rojali,Kader2nya udh gak betah sebenernya tpi klo keluar pasti di omongin sama dia,2024-10-29 05:02:48
17984919941749988,rizkiiypr,Pede banget ğŸ˜…,2024-10-29 05:03:08
18022370333282011,sembilan_benua,Mabok Aibon,2024-10-29 05:03:15
18037326059230508,ovie_h,B aja,2024-10-29 05:03:54
18053884396924567,fina_novalia,Gemes bgt ğŸ˜‚ğŸ˜‚ğŸ˜‚,2024-10-29 05:04:06
18125409745376834,blues_arif,pohon karet kali..... di sadap,2024-10-29 05:04:18
18020440964611380,suranggadi_,Taik taik,2024-10-29 05:04:37
18037532105241771,azy9ozil,sakarepmu bae mbok,2024-10-29 05:05:44
18056269666850549,k.jeff26__,Sedikit lagi lucu,2024-10-29 05:05:47
17853271905304247,oppafian,"sudah nenek nenek, segeralah bertaubat",2024-10-29 05:06:18
18073296664608979,yudhaawira,"Siapa yg ada stiker ibuÂ² satu ini diWA, untung ibu ini ga main hpğŸ˜‚",2024-10-29 05:07:37
17849915430324422,trench_50,Kenapa ya bu Mega ini kalau ngomong mesti ada tebak-tebakannya dulu. ğŸ™‚,2024-10-29 05:08:02
18059161276824139,bhinekabaliholiday,"Orang ini tarung pake jalur langit, diserang sana sini dr jaman baheula tp tdk pernah tumbang",2024-10-29 05:08:11
18027594083170507,dodi_sopanji,"Bu Mega nya gax Pakai HP.. Karena HP nya di Titip di Ajudan / Asisten Ibu Mega.. Prabowo Sebelum Jadi Presiden Juga Gitu Kok, HP nya Suka di Pegang Ajudan / Asisten nya",2024-10-29 05:08:21
18029553527457827,sulthan_rahadian,Nek udah ngaca blon? Sok banyol aja.. minum obat dulu yağŸ˜‚,2024-10-29 05:08:54
18049828210819255,biyanaflah,Engga.,2024-10-29 05:09:14
18048695401831514,ayumiasekarwangi,Keren banget ibuuuÃ¹uuuuuuğŸ”¥,2024-10-29 05:09:37
18033043673351226,herykurni,GR lu mak ğŸ˜‚ğŸ˜‚,2024-10-29 05:10:14
17894469777013652,jumala.jamal,Biasa aja. Ga keren,2024-10-29 05:11:22
18045502682021318,bim_halilintar,"Salah nenek sendiri ngapain mau angkat Mulyono jadi presiden, akhirnya dia berkhianat kan sama ibu",2024-10-29 05:11:48
17965772789681006,rudiyanto168,Gimana ibu aja lah,2024-10-29 05:11:51
18040035335177084,nitapuspaprilia,ğŸ˜‚ğŸ˜‚ğŸ˜‚ğŸ˜‚ğŸ˜‚ğŸ˜‚ğŸ˜‚,2024-10-29 05:12:12
18053585980926303,blacksardi,Pantesan saya chat ceklis 1 bunda,2024-10-29 05:16:08
17971619753657067,caesarjacobs,,2024-10-29 05:17:00
18080923924557931,rasunasaied,Padahal mau minta no wa nya ğŸ—¿,2024-10-29 05:17:11
18010462337448269,iniakunhw,"Mega lagi nyindir iPhone 16 ga dijual di Indonesia. Kelen tau ga seehhh, masa gatau ğŸ˜‚ğŸ˜‚ğŸ˜‚",2024-10-29 05:17:19
17943406181781602,mrsnnr_1,Ibuk pensiun sajah gak usah urus partai momong cucuk aja bu dirumah & berkebun,2024-10-29 05:17:47
17905562588960734,shafira1995,Menyala ibuk ğŸ”¥,2024-10-29 05:18:10
17924970044869163,arsemdanun,"Paling disadap yah,,, hehehe",2024-10-29 05:18:46
17994860648542615,atasnama.chandra,"Lucu lihat komenan2 nya . Beliau kan pnya ajudan , pnya anggota . Jika ada perlu berhubungan dengan seseorang tinggal suruh utusan / anggota / ajudan nya . Memang tidak perlu HP juga , jangan samakan dengan kalian yg tidak bisa jauh dari HP . Masih begini saja kalian tidak bisa menalar omongan beliau , sudah berkomentar saya jg ga pakai HP blablabla . Ingat kalian Siapa , dan Beliau Siapa ğŸ™ŒğŸ™Œ",2024-10-29 05:19:09
17930347874843063,oziemhf,Yo toh?,2024-10-29 05:19:11
18344356576125848,yudabakti.yudabakti.5,"Udah lah, istirahat aja.... kasian ntar anaknya mau jadi ketum aja dah ketuaan",2024-10-29 05:20:23
18064140544737335,d_juan_cassanova,Mak banteng klo ngomong asal congor aja,2024-10-29 05:20:49
18090317860497401,deefbae5,Jokowi tanpa PDIP aduuuh ğŸ˜‚ğŸ˜‚,2024-10-29 05:21:00
17938902410920485,masdin_arts,Pantesan gak tau perkembangan nitijen,2024-10-29 05:21:38
18056431921711314,endangkurnadi,Seumuran gitu emang lagi gemes-gemesnya ğŸ˜‚,2024-10-29 05:21:39
18044642141097993,ajinosuke_1012,Terserah aja,2024-10-29 05:22:44
18058005220837520,endahmurnani,Si paling disadap,2024-10-29 05:23:29
17987500094595338,robbomendoza,Partai ente yg milih jokowi entah apa backgroundnya dia banyak polemik ğŸ˜•ğŸ˜•ğŸ˜•,2024-10-29 05:23:33
18109271884427221,andi_awal16,Megawati parnoan semenjak prabowo jadi presidenğŸ˜‚,2024-10-29 05:23:34
18371898532100207,bakoeldimas,Wanita paling cantik versi roki gerung,2024-10-29 05:24:21
18426667327079039,rosorusmini,Kalo anda punya hp...pasti anda sudah jantungan.,2024-10-29 05:24:47
17925295778973273,mamakeyvan,"Seperti kata YUSUF KALLA... Logikanya klo elu org bener, ngapain takut disadap... ğŸ˜‚ğŸ˜‚ğŸ˜‚",2024-10-29 05:25:50
18044811892887989,septiyani.aziz,Iya in aja netijen..daripada daripadağŸ˜‚,2024-10-29 05:27:08
18024398519222658,monicadewi123,ğŸ˜‚,2024-10-29 05:27:21
18037894799186781,mayasilvyana,Jiabang bayik. NPD.,2024-10-29 05:27:24
17965380767804759,linamou_id,Dih nenekğŸ˜‚,2024-10-29 05:27:26
18038260043239398,febyeko94_,Seng arep nyadap koe ki yo sopo,2024-10-29 05:27:29
18046816882998378,ukhti_santie,"Kalau dikampungku umur2 segini udah sibuk ikut pengajian, tahlilan atau memperbanyak ibadah lain.",2024-10-29 05:27:35
18114069826414878,209911msmaa,GE ER banget Bu ..buang2 anggaran negara nyadap ibu yg sdh pasti isinya cm menghakimi org lain...narcistik leadership syndrome,2024-10-29 05:27:48
17874188922124833,lizza_istiqomah,"Perasaan ngga ada yg nanya, dan ngga ada yg mau tau juga",2024-10-29 05:28:10
18467770633040467,sentanueddy,Wow baru tau gak punya hp,2024-10-29 05:28:19
17922646430880352,dashpee_,Gokss ğŸ”¥,2024-10-29 05:28:23
18031226900096589,mutiatriana.ddays,Ya Allah.. ğŸ‘ğŸ‘ tahaan tahaaan,2024-10-29 05:28:30
18021966029279562,hanggih,ğŸ˜‚ğŸ˜‚,2024-10-29 05:28:46
18103108795443243,ilham_prasetiyo14,Mbah,2024-10-29 05:29:13
18014826947352369,king_dam99,Ndobol,2024-10-29 05:29:26
18342671647134239,nini_utin,9p0,2024-10-29 05:29:41
